Date,Open,High,Low,Close,Adj Close,Volume
2015-01-02,27.84749984741211,27.860000610351562,26.837499618530273,27.332500457763672,24.237548828125,212818400
2015-01-05,27.072500228881836,27.162500381469727,26.352500915527344,26.5625,23.55473518371582,257142000
2015-01-06,26.635000228881836,26.857500076293945,26.157499313354492,26.565000534057617,23.556962966918945,263188400
2015-01-07,26.799999237060547,27.049999237060547,26.674999237060547,26.9375,23.88728141784668,160423600
2015-01-08,27.3075008392334,28.037500381469727,27.174999237060547,27.97249984741211,24.805084228515625,237458000
2015-01-09,28.167499542236328,28.3125,27.552499771118164,28.002500534057617,24.831695556640625,214798000
2015-01-12,28.149999618530273,28.157499313354492,27.200000762939453,27.3125,24.219816207885742,198603200
2015-01-13,27.857500076293945,28.200000762939453,27.227500915527344,27.55500030517578,24.434852600097656,268367600
2015-01-14,27.260000228881836,27.622499465942383,27.125,27.450000762939453,24.34174919128418,195826400
2015-01-15,27.5,27.514999389648438,26.665000915527344,26.704999923706055,23.681100845336914,240056000
2015-01-16,26.75749969482422,26.895000457763672,26.299999237060547,26.497499465942383,23.497100830078125,314053200
2015-01-20,26.959999084472656,27.24250030517578,26.625,27.18000030517578,24.102317810058594,199599600
2015-01-21,27.237499237060547,27.764999389648438,27.0674991607666,27.387500762939453,24.286319732666016,194303600
2015-01-22,27.565000534057617,28.11750030517578,27.43000030517578,28.100000381469727,24.918148040771484,215185600
2015-01-23,28.075000762939453,28.4375,27.88249969482422,28.2450008392334,25.046730041503906,185859200
2015-01-26,28.434999465942383,28.59000015258789,28.200000762939453,28.274999618530273,25.073326110839844,222460000
2015-01-27,28.104999542236328,28.1200008392334,27.25749969482422,27.28499984741211,24.195430755615234,382274800
2015-01-28,29.407499313354492,29.530000686645508,28.827499389648438,28.827499389648438,25.563268661499023,585908400
2015-01-29,29.079999923706055,29.797500610351562,28.889999389648438,29.725000381469727,26.359142303466797,337745600
2015-01-30,29.600000381469727,30.0,29.212499618530273,29.290000915527344,25.97339630126953,334982000
2015-02-02,29.512500762939453,29.792499542236328,29.020000457763672,29.657499313354492,26.299287796020508,250956400
2015-02-03,29.625,29.772499084472656,29.40250015258789,29.662500381469727,26.303714752197266,207662800
2015-02-04,29.625,30.127500534057617,29.577499389648438,29.889999389648438,26.505456924438477,280598800
2015-02-05,30.0049991607666,30.0575008392334,29.8125,29.985000610351562,26.69463539123535,168984800
2015-02-06,30.0049991607666,30.0625,29.612499237060547,29.732500076293945,26.469852447509766,174826400
2015-02-09,29.637500762939453,29.959999084472656,29.607500076293945,29.93000030517578,26.645679473876953,155559200
2015-02-10,30.042499542236328,30.537500381469727,30.040000915527344,30.5049991607666,27.157577514648438,248034000
2015-02-11,30.6924991607666,31.229999542236328,30.625,31.219999313354492,27.794109344482422,294247200
2015-02-12,31.514999389648438,31.8700008392334,31.392499923706055,31.614999771118164,28.145771026611328,297898000
2015-02-13,31.81999969482422,31.81999969482422,31.412500381469727,31.770000457763672,28.28376007080078,217088800
2015-02-17,31.872499465942383,32.220001220703125,31.729999542236328,31.957500457763672,28.45069122314453,252609600
2015-02-18,31.907499313354492,32.19499969482422,31.862499237060547,32.18000030517578,28.64876937866211,179566800
2015-02-19,32.119998931884766,32.25749969482422,32.08250045776367,32.11249923706055,28.588680267333984,149449600
2015-02-20,32.154998779296875,32.375,32.01250076293945,32.375,28.822372436523438,195793600
2015-02-23,32.505001068115234,33.25,32.415000915527344,33.25,29.601360321044922,283896400
2015-02-24,33.23500061035156,33.400001525878906,32.79249954223633,33.04249954223633,29.416622161865234,276912400
2015-02-25,32.88999938964844,32.900001525878906,32.037498474121094,32.1974983215332,28.664352416992188,298846800
2015-02-26,32.1974983215332,32.717498779296875,31.65250015258789,32.60499954223633,29.02713966369629,365150000
2015-02-27,32.5,32.64250183105469,32.060001373291016,32.1150016784668,28.590909957885742,248059200
2015-03-02,32.3125,32.56999969482422,32.07500076293945,32.272499084472656,28.731122970581055,192386800
2015-03-03,32.2400016784668,32.380001068115234,32.022499084472656,32.34000015258789,28.791217803955078,151265200
2015-03-04,32.275001525878906,32.38999938964844,32.08000183105469,32.1349983215332,28.608718872070312,126665200
2015-03-05,32.14500045776367,32.1875,31.440000534057617,31.602500915527344,28.134645462036133,226068400
2015-03-06,32.099998474121094,32.342498779296875,31.565000534057617,31.649999618530273,28.176931381225586,291368400
2015-03-09,31.989999771118164,32.39250183105469,31.264999389648438,31.78499984741211,28.2971134185791,354114000
2015-03-10,31.602500915527344,31.80500030517578,30.950000762939453,31.127500534057617,27.711769104003906,275426400
2015-03-11,31.1875,31.1924991607666,30.52750015258789,30.559999465942383,27.206541061401367,275756000
2015-03-12,30.577499389648438,31.225000381469727,30.407499313354492,31.112499237060547,27.698408126831055,193450800
2015-03-13,31.100000381469727,31.350000381469727,30.645000457763672,30.897499084472656,27.50700569152832,207309200
2015-03-16,30.969999313354492,31.237499237060547,30.717500686645508,31.237499237060547,27.8096981048584,143497200
2015-03-17,31.475000381469727,31.829999923706055,31.412500381469727,31.760000228881836,28.274866104125977,204092400
2015-03-18,31.75,32.290000915527344,31.592500686645508,32.11750030517578,28.5931339263916,261083600
2015-03-19,32.1875,32.3125,31.850000381469727,31.875,28.377233505249023,183238000
2015-03-20,32.0625,32.099998474121094,31.290000915527344,31.475000381469727,28.021137237548828,274780400
2015-03-23,31.780000686645508,31.962499618530273,31.6299991607666,31.802499771118164,28.312700271606445,150838800
2015-03-24,31.8075008392334,32.0099983215332,31.639999389648438,31.672500610351562,28.19696617126465,131369200
2015-03-25,31.635000228881836,31.704999923706055,30.844999313354492,30.844999313354492,27.460262298583984,206620800
2015-03-26,30.690000534057617,31.219999313354492,30.649999618530273,31.059999465942383,27.651674270629883,190291600
2015-03-27,31.142499923706055,31.174999237060547,30.727500915527344,30.8125,27.431337356567383,158184800
2015-03-30,31.012500762939453,31.600000381469727,31.0,31.592500686645508,28.1257381439209,188398800
2015-03-31,31.522499084472656,31.622499465942383,31.09000015258789,31.107500076293945,27.6939697265625,168362400
2015-04-01,31.204999923706055,31.280000686645508,30.774999618530273,31.0625,27.653898239135742,162485600
2015-04-02,31.25749969482422,31.389999389648438,31.047500610351562,31.329999923706055,27.892044067382812,128880400
2015-04-06,31.11750030517578,31.877500534057617,31.082500457763672,31.837499618530273,28.343860626220703,148776000
2015-04-07,31.90999984741211,32.029998779296875,31.4950008392334,31.502500534057617,28.04561996459961,140049200
2015-04-08,31.462499618530273,31.600000381469727,31.24250030517578,31.399999618530273,27.95436668395996,149316800
2015-04-09,31.462499618530273,31.645000457763672,31.165000915527344,31.639999389648438,28.168033599853516,129936000
2015-04-10,31.487499237060547,31.802499771118164,31.315000534057617,31.774999618530273,28.2882137298584,160752000
2015-04-13,32.092498779296875,32.14250183105469,31.65250015258789,31.712499618530273,28.232574462890625,145460400
2015-04-14,31.75,31.822500228881836,31.477500915527344,31.575000762939453,28.11016845703125,102098400
2015-04-15,31.602500915527344,31.782499313354492,31.502500534057617,31.69499969482422,28.216997146606445,115881600
2015-04-16,31.56999969482422,31.774999618530273,31.52750015258789,31.542499542236328,28.08123016357422,113476000
2015-04-17,31.387500762939453,31.53499984741211,31.114999771118164,31.1875,27.765182495117188,207828000
2015-04-20,31.392499923706055,32.029998779296875,31.292499542236328,31.899999618530273,28.399497985839844,188217200
2015-04-21,32.025001525878906,32.04999923706055,31.667499542236328,31.727500915527344,28.24593162536621,129740400
2015-04-22,31.747499465942383,32.217498779296875,31.579999923706055,32.154998779296875,28.62651252746582,150618000
2015-04-23,32.07500076293945,32.60499954223633,32.03499984741211,32.41749954223633,28.860210418701172,183083600
2015-04-24,32.622501373291016,32.657501220703125,32.307498931884766,32.56999969482422,28.995981216430664,178103600
2015-04-27,33.07749938964844,33.282501220703125,32.787498474121094,33.162498474121094,29.523456573486328,387816800
2015-04-28,33.6150016784668,33.6349983215332,32.39250183105469,32.63999938964844,29.058300018310547,475696000
2015-04-29,32.540000915527344,32.897499084472656,32.07500076293945,32.15999984741211,28.630971908569336,253544400
2015-04-30,32.15999984741211,32.15999984741211,31.145000457763672,31.287500381469727,27.85421371459961,332781600
2015-05-01,31.524999618530273,32.532501220703125,31.325000762939453,32.23749923706055,28.69996452331543,234050400
2015-05-04,32.375,32.64250183105469,32.064998626708984,32.17499923706055,28.644319534301758,203953200
2015-05-05,32.037498474121094,32.11249923706055,31.44499969482422,31.450000762939453,27.998882293701172,197085600
2015-05-06,31.639999389648438,31.6875,30.84000015258789,31.252500534057617,27.82305145263672,288564000
2015-05-07,31.1924991607666,31.520000457763672,31.0049991607666,31.315000534057617,27.995149612426758,175763600
2015-05-08,31.670000076293945,31.905000686645508,31.52750015258789,31.905000686645508,28.5225887298584,222201600
2015-05-11,31.84749984741211,31.889999389648438,31.407499313354492,31.579999923706055,28.232044219970703,168143200
2015-05-12,31.399999618530273,31.719999313354492,31.204999923706055,31.467500686645508,28.13147735595703,192640000
2015-05-13,31.537500381469727,31.797500610351562,31.467500686645508,31.502500534057617,28.162771224975586,138776800
2015-05-14,31.852500915527344,32.23749923706055,31.790000915527344,32.23749923706055,28.819849014282227,180814000
2015-05-15,32.26750183105469,32.372501373291016,32.0525016784668,32.192501068115234,28.779617309570312,152832000
2015-05-18,32.095001220703125,32.68000030517578,32.09000015258789,32.54750061035156,29.09697723388672,203531600
2015-05-19,32.67250061035156,32.720001220703125,32.40999984741211,32.51750183105469,29.070159912109375,178532800
2015-05-20,32.5,32.744998931884766,32.334999084472656,32.51499938964844,29.067930221557617,145819600
2015-05-21,32.51750183105469,32.907501220703125,32.45750045776367,32.84749984741211,29.365171432495117,158921600
2015-05-22,32.900001525878906,33.24250030517578,32.849998474121094,33.1349983215332,29.6221923828125,182384000
2015-05-26,33.150001525878906,33.227500915527344,32.279998779296875,32.404998779296875,28.969589233398438,282790400
2015-05-27,32.584999084472656,33.064998626708984,32.51250076293945,33.0099983215332,29.510448455810547,183332800
2015-05-28,32.96500015258789,32.98749923706055,32.775001525878906,32.94499969482422,29.45233726501465,122933200
2015-05-29,32.807498931884766,32.86249923706055,32.474998474121094,32.56999969482422,29.117101669311523,203538000
2015-06-01,32.56999969482422,32.84749984741211,32.51250076293945,32.6349983215332,29.17520523071289,128451200
2015-06-02,32.46500015258789,32.665000915527344,32.33000183105469,32.4900016784668,29.045576095581055,134670400
2015-06-03,32.665000915527344,32.73500061035156,32.474998474121094,32.529998779296875,29.08133888244629,123934000
2015-06-04,32.39500045776367,32.64500045776367,32.227500915527344,32.34000015258789,28.91147804260254,153800400
2015-06-05,32.375,32.42250061035156,32.09000015258789,32.162498474121094,28.752792358398438,142507200
2015-06-08,32.224998474121094,32.3025016784668,31.707500457763672,31.950000762939453,28.562820434570312,210699200
2015-06-09,31.674999237060547,32.02000045776367,31.405000686645508,31.854999542236328,28.47789764404297,224301600
2015-06-10,31.979999542236328,32.334999084472656,31.962499618530273,32.220001220703125,28.804197311401367,156349200
2015-06-11,32.29499816894531,32.54499816894531,32.119998931884766,32.147499084472656,28.739389419555664,141563600
2015-06-12,32.04750061035156,32.08250045776367,31.77750015258789,31.792499542236328,28.42201805114746,147544800
2015-06-15,31.524999618530273,31.809999465942383,31.427499771118164,31.729999542236328,28.36614418029785,175955600
2015-06-16,31.75749969482422,31.962499618530273,31.592500686645508,31.899999618530273,28.518123626708984,125976400
2015-06-17,31.93000030517578,31.969999313354492,31.684999465942383,31.825000762939453,28.451080322265625,131672400
2015-06-18,31.8075008392334,32.07749938964844,31.80500030517578,31.969999313354492,28.580703735351562,141628800
2015-06-19,31.927499771118164,31.954999923706055,31.600000381469727,31.649999618530273,28.29462432861328,218867600
2015-06-22,31.872499465942383,32.01499938964844,31.770000457763672,31.90250015258789,28.520360946655273,136157200
2015-06-23,31.8700008392334,31.90250015258789,31.719999313354492,31.75749969482422,28.39073371887207,121075600
2015-06-24,31.802499771118164,32.45000076293945,31.780000686645508,32.02750015258789,28.632104873657227,221123600
2015-06-25,32.21500015258789,32.29999923706055,31.875,31.875,28.495771408081055,127752400
2015-06-26,31.917499542236328,31.997499465942383,31.627500534057617,31.6875,28.32814598083496,176267200
2015-06-29,31.364999771118164,31.61750030517578,31.1200008392334,31.13249969482422,27.831993103027344,196645600
2015-06-30,31.392499923706055,31.530000686645508,31.21500015258789,31.357500076293945,28.03314208984375,177482800
2015-07-01,31.725000381469727,31.735000610351562,31.497499465942383,31.649999618530273,28.29462432861328,120955200
2015-07-02,31.607500076293945,31.672500610351562,31.4424991607666,31.610000610351562,28.258878707885742,108844000
2015-07-06,31.235000610351562,31.5575008392334,31.212499618530273,31.5,28.160531997680664,112241600
2015-07-07,31.47249984741211,31.537500381469727,30.9424991607666,31.422500610351562,28.091245651245117,187787200
2015-07-08,31.1200008392334,31.15999984741211,30.635000228881836,30.642499923706055,27.393938064575195,243046400
2015-07-09,30.962499618530273,31.014999389648438,29.80500030517578,30.017499923706055,26.8351993560791,314380000
2015-07-10,30.485000610351562,30.962499618530273,30.302499771118164,30.81999969482422,27.55262565612793,245418000
2015-07-13,31.25749969482422,31.440000534057617,31.079999923706055,31.415000915527344,28.084548950195312,165762000
2015-07-14,31.510000228881836,31.592500686645508,31.260000228881836,31.40250015258789,28.07337188720703,127072400
2015-07-15,31.43000030517578,31.787500381469727,31.395000457763672,31.704999923706055,28.343795776367188,134596800
2015-07-16,31.934999465942383,32.14250183105469,31.837499618530273,32.127498626708984,28.721506118774414,144889600
2015-07-17,32.27000045776367,32.404998779296875,32.07749938964844,32.404998779296875,28.969589233398438,184658800
2015-07-20,32.74250030517578,33.24250030517578,32.67499923706055,33.01750183105469,29.51715660095215,235600800
2015-07-21,33.212501525878906,33.22999954223633,32.58000183105469,32.6875,29.22213363647461,307025600
2015-07-22,30.497499465942383,31.375,30.497499465942383,31.30500030517578,27.98619842529297,461802400
2015-07-23,31.549999237060547,31.772499084472656,31.264999389648438,31.290000915527344,27.972795486450195,203998000
2015-07-24,31.329999923706055,31.434999465942383,30.975000381469727,31.125,27.825286865234375,168649200
2015-07-27,30.772499084472656,30.90250015258789,30.530000686645508,30.6924991607666,27.438642501831055,177822000
2015-07-28,30.844999313354492,30.977500915527344,30.637500762939453,30.844999313354492,27.574968338012695,134472400
2015-07-29,30.787500381469727,30.875,30.5674991607666,30.747499465942383,27.487812042236328,148046800
2015-07-30,30.579999923706055,30.642499923706055,30.427499771118164,30.592500686645508,27.3492374420166,134513200
2015-07-31,30.649999618530273,30.65999984741211,30.227500915527344,30.325000762939453,27.11009979248047,171540000
2015-08-03,30.375,30.642499923706055,29.3799991607666,29.610000610351562,26.470903396606445,279904000
2015-08-04,29.354999542236328,29.424999237060547,28.3125,28.65999984741211,25.62160873413086,496554400
2015-08-05,28.237499237060547,29.360000610351562,28.024999618530273,28.850000381469727,25.79147720336914,397250400
2015-08-06,28.99250030517578,29.125,28.530000686645508,28.782499313354492,25.84759521484375,211612000
2015-08-07,28.645000457763672,29.0625,28.625,28.8799991607666,25.935157775878906,154681600
2015-08-10,29.13249969482422,29.997499465942383,29.13249969482422,29.93000030517578,26.87809181213379,219806400
2015-08-11,29.452499389648438,29.545000076293945,28.332500457763672,28.372499465942383,25.479398727416992,388331200
2015-08-12,28.13249969482422,28.854999542236328,27.407499313354492,28.809999465942383,25.872297286987305,404870000
2015-08-13,29.010000228881836,29.100000381469727,28.635000228881836,28.787500381469727,25.852087020874023,194143200
2015-08-14,28.579999923706055,29.077499389648438,28.502500534057617,28.989999771118164,26.033935546875,171718000
2015-08-17,29.010000228881836,29.412500381469727,28.875,29.290000915527344,26.303348541259766,163538800
2015-08-18,29.107500076293945,29.360000610351562,29.002500534057617,29.125,26.155170440673828,138242800
2015-08-19,29.024999618530273,29.1299991607666,28.670000076293945,28.752500534057617,25.820650100708008,193146000
2015-08-20,28.520000457763672,28.587499618530273,27.907499313354492,28.162500381469727,25.290822982788086,274006400
2015-08-21,27.607500076293945,27.975000381469727,26.412500381469727,26.440000534057617,23.743967056274414,513102000
2015-08-24,23.717500686645508,27.200000762939453,23.0,25.780000686645508,23.151256561279297,648825200
2015-08-25,27.77750015258789,27.77750015258789,25.875,25.934999465942383,23.290451049804688,414406400
2015-08-26,26.772499084472656,27.47249984741211,26.262500762939453,27.422500610351562,24.62627410888672,387098400
2015-08-27,28.0575008392334,28.309999465942383,27.5049991607666,28.229999542236328,25.351444244384766,338464400
2015-08-28,28.042499542236328,28.327499389648438,27.885000228881836,28.322500228881836,25.43450355529785,212657600
2015-08-31,28.00749969482422,28.63249969482422,28.0,28.190000534057617,25.31551742553711,224917200
2015-09-01,27.537500381469727,27.969999313354492,26.84000015258789,26.93000030517578,24.183996200561523,307383600
2015-09-02,27.5575008392334,28.084999084472656,27.282499313354492,28.084999084472656,25.221220016479492,247555200
2015-09-03,28.122499465942383,28.19499969482422,27.510000228881836,27.592500686645508,24.77894401550293,212935600
2015-09-04,27.24250030517578,27.612499237060547,27.127500534057617,27.3174991607666,24.531982421875,199985200
2015-09-08,27.9375,28.139999389648438,27.579999923706055,28.077499389648438,25.214479446411133,219374400
2015-09-09,28.440000534057617,28.5049991607666,27.4424991607666,27.537500381469727,24.729555130004883,340043200
2015-09-10,27.5674991607666,28.31999969482422,27.475000381469727,28.142499923706055,25.272855758666992,251571200
2015-09-11,27.947500228881836,28.552499771118164,27.940000534057617,28.552499771118164,25.641048431396484,199662000
2015-09-14,29.145000457763672,29.22249984741211,28.71500015258789,28.827499389648438,25.888010025024414,233453600
2015-09-15,28.982500076293945,29.13249969482422,28.604999542236328,29.06999969482422,26.10578155517578,173364800
2015-09-16,29.0625,29.135000228881836,28.860000610351562,29.102500915527344,26.134965896606445,148694000
2015-09-17,28.915000915527344,29.122499465942383,28.43000030517578,28.479999542236328,25.575944900512695,256450400
2015-09-18,28.052499771118164,28.575000762939453,27.967500686645508,28.362499237060547,25.47042465209961,297141200
2015-09-21,28.417499542236328,28.842500686645508,28.415000915527344,28.802499771118164,25.86556053161621,200888000
2015-09-22,28.344999313354492,28.545000076293945,28.1299991607666,28.350000381469727,25.459203720092773,201384800
2015-09-23,28.407499313354492,28.68000030517578,28.325000762939453,28.579999923706055,25.665739059448242,143026800
2015-09-24,28.3125,28.875,28.092500686645508,28.75,25.818410873413086,200878000
2015-09-25,29.110000610351562,29.172500610351562,28.5049991607666,28.677499771118164,25.753293991088867,224607600
2015-09-28,28.462499618530273,28.642499923706055,28.110000610351562,28.110000610351562,25.243675231933594,208436000
2015-09-29,28.207500457763672,28.377500534057617,26.96500015258789,27.264999389648438,24.484838485717773,293461600
2015-09-30,27.542499542236328,27.885000228881836,27.1825008392334,27.575000762939453,24.763225555419922,265892000
2015-10-01,27.267499923706055,27.405000686645508,26.827499389648438,27.395000457763672,24.601577758789062,255716400
2015-10-02,27.002500534057617,27.752500534057617,26.887500762939453,27.594999313354492,24.781185150146484,232079200
2015-10-05,27.469999313354492,27.842500686645508,27.267499923706055,27.69499969482422,24.870986938476562,208258800
2015-10-06,27.657499313354492,27.934999465942383,27.4424991607666,27.827499389648438,24.98997688293457,192787200
2015-10-07,27.934999465942383,27.9424991607666,27.352500915527344,27.69499969482422,24.870986938476562,187062400
2015-10-08,27.547500610351562,27.547500610351562,27.052499771118164,27.375,24.583621978759766,247918400
2015-10-09,27.5,28.06999969482422,27.372499465942383,28.030000686645508,25.171829223632812,211064400
2015-10-12,28.1825008392334,28.1875,27.860000610351562,27.899999618530273,25.055082321166992,121868800
2015-10-13,27.704999923706055,28.112499237060547,27.670000076293945,27.947500228881836,25.09774398803711,132197200
2015-10-14,27.822500228881836,27.8799991607666,27.389999389648438,27.552499771118164,24.743009567260742,177849600
2015-10-15,27.732500076293945,28.024999618530273,27.622499465942383,27.96500015258789,25.11345672607422,150694000
2015-10-16,27.94499969482422,28.0,27.63249969482422,27.760000228881836,24.929359436035156,156930400
2015-10-19,27.700000762939453,27.9375,27.52750015258789,27.9325008392334,25.084272384643555,119036800
2015-10-20,27.834999084472656,28.542499542236328,27.704999923706055,28.4424991607666,25.542266845703125,195871200
2015-10-21,28.5,28.895000457763672,28.424999237060547,28.440000534057617,25.540027618408203,167180800
2015-10-22,28.582500457763672,28.875,28.524999618530273,28.875,25.9306640625,166616400
2015-10-23,29.174999237060547,29.8075008392334,29.082500457763672,29.770000457763672,26.734405517578125,237467600
2015-10-26,29.520000457763672,29.532499313354492,28.729999542236328,28.81999969482422,25.881271362304688,265335200
2015-10-27,28.850000381469727,29.135000228881836,28.497499465942383,28.637500762939453,25.71738052368164,279537600
2015-10-28,29.232500076293945,29.825000762939453,29.014999389648438,29.8174991607666,26.77705955505371,342205600
2015-10-29,29.674999237060547,30.172500610351562,29.5674991607666,30.13249969482422,27.059938430786133,204909200
2015-10-30,30.247499465942383,30.30500030517578,29.862499237060547,29.875,26.828699111938477,197461200
2015-11-02,30.200000762939453,30.34000015258789,29.90250015258789,30.295000076293945,27.205869674682617,128813200
2015-11-03,30.197500228881836,30.872499465942383,30.174999237060547,30.642499923706055,27.51793670654297,182076000
2015-11-04,30.782499313354492,30.954999923706055,30.405000686645508,30.5,27.389970779418945,179544400
2015-11-05,30.462499618530273,30.672500610351562,30.045000076293945,30.229999542236328,27.263702392578125,158210800
2015-11-06,30.27750015258789,30.452499389648438,30.155000686645508,30.264999389648438,27.295272827148438,132169200
2015-11-09,30.239999771118164,30.452499389648438,30.012500762939453,30.142499923706055,27.184791564941406,135485600
2015-11-10,29.225000381469727,29.517499923706055,29.014999389648438,29.1924991607666,26.328001022338867,236511600
2015-11-11,29.092500686645508,29.354999542236328,28.802499771118164,29.02750015258789,26.179203033447266,180872000
2015-11-12,29.065000534057617,29.204999923706055,28.912500381469727,28.93000030517578,26.09126853942871,130102400
2015-11-13,28.799999237060547,28.892499923706055,28.0674991607666,28.084999084472656,25.329179763793945,183249600
2015-11-16,27.844999313354492,28.559999465942383,27.75,28.545000076293945,25.74404525756836,152426800
2015-11-17,28.729999542236328,28.762500762939453,28.329999923706055,28.422500610351562,25.633563995361328,110467600
2015-11-18,28.940000534057617,29.372499465942383,28.875,29.322500228881836,26.445249557495117,186698800
2015-11-19,29.40999984741211,29.9375,29.190000534057617,29.69499969482422,26.781198501586914,173183200
2015-11-20,29.799999237060547,29.979999542236328,29.712499618530273,29.825000762939453,26.8984432220459,137148400
2015-11-23,29.8174991607666,29.9325008392334,29.334999084472656,29.4375,26.54896354675293,129930000
2015-11-24,29.332500457763672,29.837499618530273,29.280000686645508,29.719999313354492,26.803749084472656,171212800
2015-11-25,29.802499771118164,29.8075008392334,29.479999542236328,29.50749969482422,26.612091064453125,85553200
2015-11-27,29.572500228881836,29.602500915527344,29.399999618530273,29.452499389648438,26.56249237060547,52185600
2015-11-30,29.497499465942383,29.852500915527344,29.4375,29.575000762939453,26.672975540161133,156721200
2015-12-01,29.6875,29.702499389648438,29.21500015258789,29.334999084472656,26.456531524658203,139409600
2015-12-02,29.334999084472656,29.52750015258789,29.020000457763672,29.06999969482422,26.217525482177734,133546400
2015-12-03,29.137500762939453,29.197500228881836,28.55500030517578,28.799999237060547,25.97402572631836,166278000
2015-12-04,28.822500228881836,29.8125,28.77750015258789,29.75749969482422,26.837566375732422,231108000
2015-12-07,29.7450008392334,29.96500015258789,29.452499389648438,29.56999969482422,26.668466567993164,128336800
2015-12-08,29.3799991607666,29.649999618530273,29.21500015258789,29.5575008392334,26.657190322875977,137238000
2015-12-09,29.40999984741211,29.422500610351562,28.770000457763672,28.905000686645508,26.068716049194336,185445600
2015-12-10,29.010000228881836,29.235000610351562,28.877500534057617,29.042499542236328,26.192729949951172,116850800
2015-12-11,28.797500610351562,28.84749984741211,28.212499618530273,28.295000076293945,25.518569946289062,187544800
2015-12-14,28.045000076293945,28.170000076293945,27.447500228881836,28.1200008392334,25.360748291015625,257274800
2015-12-15,27.985000610351562,28.200000762939453,27.587499618530273,27.622499465942383,24.912063598632812,213292400
2015-12-16,27.767499923706055,27.997499465942383,27.200000762939453,27.834999084472656,25.103710174560547,224954000
2015-12-17,28.0049991607666,28.0625,27.2450008392334,27.2450008392334,24.57160758972168,179091200
2015-12-18,27.227500915527344,27.3799991607666,26.452499389648438,26.50749969482422,23.90647315979004,385813200
2015-12-21,26.81999969482422,26.842500686645508,26.392499923706055,26.832500457763672,24.1995792388916,190362400
2015-12-22,26.850000381469727,26.93000030517578,26.612499237060547,26.8075008392334,24.17703628540039,131157600
2015-12-23,26.8174991607666,27.212499618530273,26.799999237060547,27.15250015258789,24.488183975219727,130629600
2015-12-24,27.25,27.25,26.987499237060547,27.00749969482422,24.357410430908203,54281600
2015-12-28,26.897499084472656,26.922500610351562,26.545000076293945,26.704999923706055,24.084590911865234,106816800
2015-12-29,26.739999771118164,27.357500076293945,26.71500015258789,27.184999465942383,24.517494201660156,123724800
2015-12-30,27.145000457763672,27.174999237060547,26.795000076293945,26.829999923706055,24.197328567504883,100855200
2015-12-31,26.752500534057617,26.75749969482422,26.204999923706055,26.315000534057617,23.73285484313965,163649200
2016-01-04,25.65250015258789,26.342500686645508,25.5,26.337499618530273,23.753156661987305,270597600
2016-01-05,26.4375,26.462499618530273,25.602500915527344,25.677499771118164,23.157915115356445,223164000
2016-01-06,25.139999389648438,25.592500686645508,24.967500686645508,25.174999237060547,22.704730987548828,273829600
2016-01-07,24.670000076293945,25.032499313354492,24.107500076293945,24.112499237060547,21.746477127075195,324377600
2016-01-08,24.637500762939453,24.77750015258789,24.190000534057617,24.239999771118164,21.861467361450195,283192000
2016-01-11,24.74250030517578,24.764999389648438,24.334999084472656,24.63249969482422,22.215450286865234,198957600
2016-01-12,25.137500762939453,25.172500610351562,24.709999084472656,24.989999771118164,22.537872314453125,196616800
2016-01-13,25.079999923706055,25.297500610351562,24.325000762939453,24.34749984741211,21.958412170410156,249758400
2016-01-14,24.489999771118164,25.1200008392334,23.934999465942383,24.8799991607666,22.43866729736328,252680400
2016-01-15,24.049999237060547,24.427499771118164,23.84000015258789,24.282499313354492,21.899799346923828,319335600
2016-01-19,24.602500915527344,24.662500381469727,23.875,24.165000915527344,21.79383087158203,212350800
2016-01-20,23.774999618530273,24.547500610351562,23.354999542236328,24.197500228881836,21.823139190673828,289337600
2016-01-21,24.264999389648438,24.469999313354492,23.735000610351562,24.075000762939453,21.71265411376953,208646000
2016-01-22,24.657499313354492,25.364999771118164,24.592500686645508,25.354999542236328,22.8670597076416,263202000
2016-01-25,25.3799991607666,25.38249969482422,24.802499771118164,24.860000610351562,22.420625686645508,207178000
2016-01-26,24.982500076293945,25.219999313354492,24.517499923706055,24.997499465942383,22.544635772705078,300308000
2016-01-27,24.010000228881836,24.157499313354492,23.334999084472656,23.354999542236328,21.063304901123047,533478800
2016-01-28,23.447500228881836,23.6299991607666,23.09749984741211,23.522499084472656,21.214370727539062,222715200
2016-01-29,23.697500228881836,24.334999084472656,23.587499618530273,24.334999084472656,21.947147369384766,257666000
2016-02-01,24.11750030517578,24.177499771118164,23.850000381469727,24.107500076293945,21.741971969604492,163774000
2016-02-02,23.854999542236328,24.010000228881836,23.56999969482422,23.6200008392334,21.30230140686035,149428800
2016-02-03,23.75,24.209999084472656,23.520000457763672,24.087499618530273,21.72393226623535,183857200
2016-02-04,23.96500015258789,24.332500457763672,23.797500610351562,24.149999618530273,21.89848518371582,185886800
2016-02-05,24.1299991607666,24.229999542236328,23.422500610351562,23.5049991607666,21.313613891601562,185672400
2016-02-08,23.282499313354492,23.924999237060547,23.260000228881836,23.752500534057617,21.53804588317871,216085600
2016-02-09,23.572500228881836,23.985000610351562,23.482500076293945,23.747499465942383,21.533506393432617,177324800
2016-02-10,23.979999542236328,24.087499618530273,23.524999618530273,23.5674991607666,21.370296478271484,169374400
2016-02-11,23.447500228881836,23.68000030517578,23.147499084472656,23.424999237060547,21.241073608398438,200298800
2016-02-12,23.547500610351562,23.625,23.252500534057617,23.497499465942383,21.30681610107422,161405600
2016-02-16,23.7549991607666,24.212499618530273,23.65250015258789,24.15999984741211,21.907554626464844,196231600
2016-02-17,24.167499542236328,24.552499771118164,24.037500381469727,24.530000686645508,22.243057250976562,179452800
2016-02-18,24.709999084472656,24.72249984741211,24.022499084472656,24.065000534057617,21.821413040161133,156084000
2016-02-19,24.0,24.190000534057617,23.950000762939453,24.010000228881836,21.77153205871582,141496800
2016-02-22,24.077499389648438,24.225000381469727,23.979999542236328,24.219999313354492,21.961956024169922,137123200
2016-02-23,24.100000381469727,24.125,23.637500762939453,23.672500610351562,21.46550941467285,127770400
2016-02-24,23.4950008392334,24.094999313354492,23.329999923706055,24.024999618530273,21.785133361816406,145022800
2016-02-25,24.012500762939453,24.190000534057617,23.8125,24.190000534057617,21.93475914001465,110330800
2016-02-26,24.299999237060547,24.5049991607666,24.145000457763672,24.227500915527344,21.968765258789062,115964400
2016-02-29,24.21500015258789,24.5575008392334,24.162500381469727,24.172500610351562,21.918886184692383,140865200
2016-03-01,24.412500381469727,25.1924991607666,24.354999542236328,25.13249969482422,22.789384841918945,201628400
2016-03-02,25.127500534057617,25.22249984741211,24.90999984741211,25.1875,22.839262008666992,132678400
2016-03-03,25.145000457763672,25.427499771118164,25.112499237060547,25.375,23.009275436401367,147822800
2016-03-04,25.592500686645508,25.9375,25.342500686645508,25.752500534057617,23.351577758789062,184220400
2016-03-07,25.59749984741211,25.707500457763672,25.239999771118164,25.467500686645508,23.093151092529297,143315600
2016-03-08,25.19499969482422,25.440000534057617,25.100000381469727,25.25749969482422,22.90273094177246,126247600
2016-03-09,25.327499389648438,25.395000457763672,25.0674991607666,25.280000686645508,22.92313575744629,108806800
2016-03-10,25.352500915527344,25.559999465942383,25.037500381469727,25.292499542236328,22.93446922302246,134054400
2016-03-11,25.559999465942383,25.56999969482422,25.375,25.565000534057617,23.181562423706055,109632800
2016-03-14,25.477500915527344,25.727500915527344,25.44499969482422,25.6299991607666,23.240507125854492,100304400
2016-03-15,25.989999771118164,26.295000076293945,25.962499618530273,26.145000457763672,23.70749282836914,160270800
2016-03-16,26.15250015258789,26.577499389648438,26.147499084472656,26.49250030517578,24.02259063720703,153214000
2016-03-17,26.3799991607666,26.61750030517578,26.239999771118164,26.450000762939453,23.98405647277832,137682800
2016-03-18,26.584999084472656,26.625,26.297500610351562,26.479999542236328,24.011262893676758,176820800
2016-03-21,26.482500076293945,26.912500381469727,26.28499984741211,26.477500915527344,24.008989334106445,142010800
2016-03-22,26.3125,26.822500228881836,26.302499771118164,26.68000030517578,24.192609786987305,129777600
2016-03-23,26.6200008392334,26.767499923706055,26.475000381469727,26.532499313354492,24.058856964111328,102814000
2016-03-24,26.36750030517578,26.5625,26.22249984741211,26.417499542236328,23.954574584960938,104532000
2016-03-28,26.5,26.547500610351562,26.264999389648438,26.297500610351562,23.845773696899414,77645600
2016-03-29,26.22249984741211,26.947500228881836,26.219999313354492,26.920000076293945,24.410236358642578,124760400
2016-03-30,27.162500381469727,27.604999542236328,27.149999618530273,27.389999389648438,24.83641815185547,182404400
2016-03-31,27.43000030517578,27.475000381469727,27.219999313354492,27.247499465942383,24.707202911376953,103553600
2016-04-01,27.19499969482422,27.5,27.049999237060547,27.497499465942383,24.933897018432617,103496000
2016-04-04,27.604999542236328,28.047500610351562,27.5674991607666,27.780000686645508,25.190059661865234,149424800
2016-04-05,27.377500534057617,27.6825008392334,27.354999542236328,27.452499389648438,24.893089294433594,106314800
2016-04-06,27.5575008392334,27.7450008392334,27.299999237060547,27.739999771118164,25.15378761291504,105616400
2016-04-07,27.487499237060547,27.604999542236328,27.030000686645508,27.135000228881836,24.605194091796875,127207600
2016-04-08,27.227500915527344,27.4424991607666,27.042499542236328,27.165000915527344,24.63239288330078,94326800
2016-04-11,27.24250030517578,27.65250015258789,27.207500457763672,27.2549991607666,24.714000701904297,117630000
2016-04-12,27.334999084472656,27.625,27.165000915527344,27.610000610351562,25.035913467407227,108929200
2016-04-13,27.700000762939453,28.084999084472656,27.700000762939453,28.010000228881836,25.398616790771484,133029200
2016-04-14,27.905000686645508,28.09749984741211,27.832500457763672,28.024999618530273,25.412214279174805,101895600
2016-04-15,28.02750015258789,28.075000762939453,27.4325008392334,27.462499618530273,24.902162551879883,187756000
2016-04-18,27.22249984741211,27.237499237060547,26.735000610351562,26.8700008392334,24.364900588989258,243286000
2016-04-19,26.969999313354492,27.0,26.5575008392334,26.727500915527344,24.235687255859375,129539600
2016-04-20,26.65999984741211,27.022499084472656,26.514999389648438,26.782499313354492,24.285554885864258,122444000
2016-04-21,26.732500076293945,26.732500076293945,26.3799991607666,26.49250030517578,24.02259063720703,126210000
2016-04-22,26.252500534057617,26.6200008392334,26.155000686645508,26.420000076293945,23.95685577392578,134732400
2016-04-25,26.25,26.412500381469727,26.127500534057617,26.270000457763672,23.82083511352539,112126400
2016-04-26,25.977500915527344,26.325000762939453,25.977500915527344,26.087499618530273,23.65534782409668,224064800
2016-04-27,24.0,24.677499771118164,23.920000076293945,24.454999923706055,22.175046920776367,458408400
2016-04-28,24.40250015258789,24.469999313354492,23.5625,23.707500457763672,21.497241973876953,328970800
2016-04-29,23.497499465942383,23.68000030517578,23.127500534057617,23.434999465942383,21.250139236450195,274126000
2016-05-02,23.49250030517578,23.520000457763672,23.100000381469727,23.40999984741211,21.227474212646484,192640400
2016-05-03,23.549999237060547,23.934999465942383,23.420000076293945,23.795000076293945,21.57657814025879,227325200
2016-05-04,23.799999237060547,23.975000381469727,23.454999923706055,23.547500610351562,21.352155685424805,164102000
2016-05-05,23.5,23.517499923706055,23.170000076293945,23.309999465942383,21.265487670898438,143562000
2016-05-06,23.342500686645508,23.362499237060547,22.962499618530273,23.18000030517578,21.14689064025879,174799600
2016-05-09,23.25,23.4424991607666,23.147499084472656,23.197500228881836,21.162860870361328,131745600
2016-05-10,23.332500457763672,23.392499923706055,23.02750015258789,23.354999542236328,21.306537628173828,134747200
2016-05-11,23.3700008392334,23.392499923706055,23.114999771118164,23.127500534057617,21.099000930786133,114876400
2016-05-12,23.18000030517578,23.19499969482422,22.36750030517578,22.584999084472656,20.604084014892578,305258800
2016-05-13,22.5,22.917499542236328,22.5,22.6299991607666,20.64512825012207,177571200
2016-05-16,23.09749984741211,23.59749984741211,22.912500381469727,23.469999313354492,21.411449432373047,245039200
2016-05-17,23.637500762939453,23.674999237060547,23.252500534057617,23.372499465942383,21.3225040435791,187667600
2016-05-18,23.540000915527344,23.802499771118164,23.47249984741211,23.639999389648438,21.566545486450195,168249600
2016-05-19,23.65999984741211,23.65999984741211,23.392499923706055,23.549999237060547,21.484437942504883,121768400
2016-05-20,23.65999984741211,23.857500076293945,23.6299991607666,23.80500030517578,21.71707534790039,128104000
2016-05-23,23.967500686645508,24.297500610351562,23.917499542236328,24.107500076293945,21.993040084838867,152074400
2016-05-24,24.30500030517578,24.522499084472656,24.209999084472656,24.475000381469727,22.32830047607422,140560800
2016-05-25,24.667499542236328,24.934999465942383,24.52750015258789,24.905000686645508,22.72058868408203,152675200
2016-05-26,24.920000076293945,25.1825008392334,24.65999984741211,25.102500915527344,22.900768280029297,225324800
2016-05-27,24.860000610351562,25.11750030517578,24.8125,25.087499618530273,22.8870792388916,145364800
2016-05-31,24.899999618530273,25.100000381469727,24.704999923706055,24.96500015258789,22.775327682495117,169228800
2016-06-01,24.7549991607666,24.885000228881836,24.582500457763672,24.614999771118164,22.45602798461914,116693200
2016-06-02,24.399999618530273,24.459999084472656,24.157499313354492,24.43000030517578,22.287254333496094,160766400
2016-06-03,24.447500228881836,24.5674991607666,24.362499237060547,24.479999542236328,22.33287239074707,114019600
2016-06-06,24.497499465942383,25.47249984741211,24.387500762939453,24.657499313354492,22.494796752929688,93170000
2016-06-07,24.8125,24.967500686645508,24.739999771118164,24.75749969482422,22.586027145385742,89638000
2016-06-08,24.7549991607666,24.889999389648438,24.670000076293945,24.735000610351562,22.565494537353516,83392400
2016-06-09,24.625,24.997499465942383,24.614999771118164,24.912500381469727,22.727436065673828,106405600
2016-06-10,24.63249969482422,24.837499618530273,24.6200008392334,24.707500457763672,22.5404109954834,126851600
2016-06-13,24.672500610351562,24.780000686645508,24.274999618530273,24.334999084472656,22.20058822631836,152082000
2016-06-14,24.329999923706055,24.6200008392334,24.1875,24.364999771118164,22.22795295715332,127727600
2016-06-15,24.454999923706055,24.602500915527344,24.25749969482422,24.28499984741211,22.15497398376465,117780800
2016-06-16,24.112499237060547,24.4375,24.017499923706055,24.387500762939453,22.248476028442383,125307200
2016-06-17,24.155000686645508,24.162500381469727,23.825000762939453,23.832500457763672,21.742162704467773,244032800
2016-06-20,24.0,24.142499923706055,23.75749969482422,23.774999618530273,21.689701080322266,137647600
2016-06-21,23.735000610351562,24.087499618530273,23.670000076293945,23.977500915527344,21.87444305419922,142185600
2016-06-22,24.0625,24.22249984741211,23.837499618530273,23.887500762939453,21.79233169555664,116876400
2016-06-23,23.985000610351562,24.072500228881836,23.8125,24.024999618530273,21.91777229309082,128960800
2016-06-24,23.227500915527344,23.665000915527344,23.162500381469727,23.350000381469727,21.30198097229004,301245600
2016-06-27,23.25,23.262500762939453,22.875,23.010000228881836,20.991804122924805,181958400
2016-06-28,23.225000381469727,23.415000915527344,23.03499984741211,23.397499084472656,21.34531021118164,161779600
2016-06-29,23.49250030517578,23.637500762939453,23.407499313354492,23.600000381469727,21.53005027770996,146124000
2016-06-30,23.610000610351562,23.9424991607666,23.575000762939453,23.899999618530273,21.803741455078125,143345600
2016-07-01,23.872499465942383,24.11750030517578,23.832500457763672,23.97249984741211,21.869884490966797,104106000
2016-07-05,23.84749984741211,23.850000381469727,23.614999771118164,23.747499465942383,21.664615631103516,110820800
2016-07-06,23.649999618530273,23.915000915527344,23.592500686645508,23.88249969482422,21.78776741027832,123796400
2016-07-07,23.924999237060547,24.125,23.905000686645508,23.985000610351562,21.88128089904785,100558400
2016-07-08,24.122499465942383,24.22249984741211,24.012500762939453,24.170000076293945,22.050058364868164,115648400
2016-07-11,24.1875,24.412500381469727,24.1825008392334,24.2450008392334,22.11848258972168,95179600
2016-07-12,24.292499542236328,24.424999237060547,24.280000686645508,24.354999542236328,22.21883201599121,96670000
2016-07-13,24.352500915527344,24.417499542236328,24.209999084472656,24.217500686645508,22.093385696411133,103568800
2016-07-14,24.34749984741211,24.747499465942383,24.329999923706055,24.697500228881836,22.53129005432129,155676000
2016-07-15,24.729999542236328,24.825000762939453,24.625,24.69499969482422,22.529014587402344,120548000
2016-07-18,24.674999237060547,25.032499313354492,24.649999618530273,24.957500457763672,22.76849365234375,145975600
2016-07-19,24.889999389648438,25.0,24.834999084472656,24.967500686645508,22.77760887145996,95119600
2016-07-20,25.0,25.114999771118164,24.934999465942383,24.989999771118164,22.798137664794922,105104000
2016-07-21,24.957500457763672,25.25,24.782499313354492,24.857500076293945,22.677255630493164,130808000
2016-07-22,24.815000534057617,24.825000762939453,24.577499389648438,24.665000915527344,22.50164222717285,113254800
2016-07-25,24.5625,24.709999084472656,24.229999542236328,24.334999084472656,22.20058822631836,161531600
2016-07-26,24.204999923706055,24.49250030517578,24.104999542236328,24.167499542236328,22.04777717590332,224959200
2016-07-27,26.0674991607666,26.087499618530273,25.6875,25.737499237060547,23.48006820678711,369379200
2016-07-28,25.707500457763672,26.112499237060547,25.704999923706055,26.084999084472656,23.797090530395508,159479200
2016-07-29,26.047500610351562,26.137500762939453,25.920000076293945,26.052499771118164,23.767446517944336,110934800
2016-08-01,26.102500915527344,26.537500381469727,26.102500915527344,26.512500762939453,24.187101364135742,152671600
2016-08-02,26.512500762939453,26.517499923706055,26.0,26.1200008392334,23.82902717590332,135266400
2016-08-03,26.202499389648438,26.459999084472656,26.1924991607666,26.447500228881836,24.127798080444336,120810400
2016-08-04,26.395000457763672,26.5,26.31999969482422,26.467500686645508,24.2768497467041,109634800
2016-08-05,26.5674991607666,26.912500381469727,26.545000076293945,26.8700008392334,24.646038055419922,162213600
2016-08-08,26.8799991607666,27.092500686645508,26.790000915527344,27.092500686645508,24.850120544433594,112148800
2016-08-09,27.0575008392334,27.235000610351562,27.002500534057617,27.202499389648438,24.951013565063477,105260800
2016-08-10,27.177499771118164,27.225000381469727,26.940000534057617,27.0,24.765275955200195,96034000
2016-08-11,27.1299991607666,27.232500076293945,26.962499618530273,26.982500076293945,24.749217987060547,109938000
2016-08-12,26.94499969482422,27.110000610351562,26.94499969482422,27.045000076293945,24.80655288696289,74641600
2016-08-15,27.03499984741211,27.385000228881836,27.020000457763672,27.3700008392334,25.10465431213379,103472800
2016-08-16,27.407499313354492,27.5575008392334,27.302499771118164,27.344999313354492,25.081724166870117,135177600
2016-08-17,27.274999618530273,27.342500686645508,27.084999084472656,27.30500030517578,25.045032501220703,101424000
2016-08-18,27.3075008392334,27.399999618530273,27.2549991607666,27.270000457763672,25.01293182373047,87938800
2016-08-19,27.1924991607666,27.422500610351562,27.09000015258789,27.34000015258789,25.077138900756836,101472400
2016-08-22,27.21500015258789,27.274999618530273,26.962499618530273,27.127500534057617,24.882230758666992,103280800
2016-08-23,27.147499084472656,27.329999923706055,27.13249969482422,27.212499618530273,24.960187911987305,85030800
2016-08-24,27.142499923706055,27.1875,26.920000076293945,27.00749969482422,24.77215003967285,94700400
2016-08-25,26.84749984741211,26.969999313354492,26.670000076293945,26.892499923706055,24.666675567626953,100344800
2016-08-26,26.852500915527344,26.987499237060547,26.577499389648438,26.735000610351562,24.522205352783203,111065200
2016-08-29,26.655000686645508,26.860000610351562,26.572500228881836,26.704999923706055,24.494693756103516,99881200
2016-08-30,26.450000762939453,26.625,26.375,26.5,24.306659698486328,99455600
2016-08-31,26.415000915527344,26.642499923706055,26.40999984741211,26.524999618530273,24.3295841217041,118649600
2016-09-01,26.53499984741211,26.700000762939453,26.405000686645508,26.6825008392334,24.474058151245117,106806000
2016-09-02,26.924999237060547,27.0,26.704999923706055,26.9325008392334,24.7033634185791,107210000
2016-09-06,26.975000381469727,27.075000762939453,26.877500534057617,26.924999237060547,24.69648551940918,107521600
2016-09-07,26.957500457763672,27.190000534057617,26.767499923706055,27.09000015258789,24.84783172607422,169457200
2016-09-08,26.8125,26.8174991607666,26.309999465942383,26.3799991607666,24.19658851623535,212008000
2016-09-09,26.15999984741211,26.43000030517578,25.782499313354492,25.782499313354492,23.648540496826172,186228000
2016-09-12,25.662500381469727,26.43000030517578,25.63249969482422,26.360000610351562,24.178241729736328,181171200
2016-09-13,26.877500534057617,27.197500228881836,26.809999465942383,26.987499237060547,24.75381088256836,248704800
2016-09-14,27.1825008392334,28.25749969482422,27.149999618530273,27.9424991607666,25.629770278930664,443554800
2016-09-15,28.46500015258789,28.9325008392334,28.372499465942383,28.892499923706055,26.501140594482422,359934400
2016-09-16,28.780000686645508,29.032499313354492,28.510000228881836,28.729999542236328,26.35208511352539,319547600
2016-09-19,28.797500610351562,29.045000076293945,28.3125,28.395000457763672,26.044811248779297,188092000
2016-09-20,28.262500762939453,28.530000686645508,28.127500534057617,28.392499923706055,26.04252052307129,138057200
2016-09-21,28.462499618530273,28.497499465942383,28.110000610351562,28.387500762939453,26.037935256958008,144012800
2016-09-22,28.587499618530273,28.735000610351562,28.5,28.655000686645508,26.28329086303711,124296000
2016-09-23,28.604999542236328,28.697500228881836,27.887500762939453,28.177499771118164,25.845317840576172,209924800
2016-09-26,27.90999984741211,28.34749984741211,27.887500762939453,28.219999313354492,25.884302139282227,119477600
2016-09-27,28.25,28.295000076293945,28.084999084472656,28.272499084472656,25.932453155517578,98429600
2016-09-28,28.422500610351562,28.65999984741211,28.357500076293945,28.487499237060547,26.129661560058594,118564400
2016-09-29,28.290000915527344,28.450000762939453,27.950000762939453,28.045000076293945,25.72378158569336,143548000
2016-09-30,28.114999771118164,28.342500686645508,27.950000762939453,28.262500762939453,25.923280715942383,145516400
2016-10-03,28.177499771118164,28.262500762939453,28.06999969482422,28.1299991607666,25.801748275756836,86807200
2016-10-04,28.264999389648438,28.577499389648438,28.157499313354492,28.25,25.911815643310547,118947200
2016-10-05,28.350000381469727,28.415000915527344,28.172500610351562,28.262500762939453,25.923280715942383,85812400
2016-10-06,28.424999237060547,28.584999084472656,28.282499313354492,28.47249984741211,26.115896224975586,115117200
2016-10-07,28.577499389648438,28.639999389648438,28.377500534057617,28.514999389648438,26.154888153076172,97433600
2016-10-10,28.7549991607666,29.1875,28.68000030517578,29.012500762939453,26.611204147338867,144944000
2016-10-11,29.424999237060547,29.672500610351562,29.049999237060547,29.075000762939453,26.668537139892578,256164000
2016-10-12,29.337499618530273,29.4950008392334,29.1875,29.334999084472656,26.907012939453125,150347200
2016-10-13,29.197500228881836,29.360000610351562,28.93000030517578,29.2450008392334,26.824462890625,140769600
2016-10-14,29.469999313354492,29.542499542236328,29.282499313354492,29.407499313354492,26.9735164642334,142608800
2016-10-17,29.332500457763672,29.459999084472656,29.19499969482422,29.387500762939453,26.955167770385742,94499600
2016-10-18,29.545000076293945,29.552499771118164,29.362499237060547,29.36750030517578,26.93682861328125,98214000
2016-10-19,29.3125,29.440000534057617,28.450000762939453,29.280000686645508,26.8565673828125,80138400
2016-10-20,29.21500015258789,29.344999313354492,29.082500457763672,29.264999389648438,26.842805862426758,96503200
2016-10-21,29.202499389648438,29.227500915527344,29.06999969482422,29.149999618530273,26.737321853637695,92770800
2016-10-24,29.274999618530273,29.434999465942383,29.25,29.412500381469727,26.978097915649414,94154800
2016-10-25,29.487499237060547,29.59000015258789,29.327499389648438,29.5625,27.115680694580078,192516000
2016-10-26,28.577499389648438,28.924999237060547,28.327499389648438,28.897499084472656,26.50572395324707,264536800
2016-10-27,28.84749984741211,28.96500015258789,28.524999618530273,28.6200008392334,26.25119400024414,138248000
2016-10-28,28.467500686645508,28.802499771118164,28.362499237060547,28.43000030517578,26.076923370361328,151446800
2016-10-31,28.412500381469727,28.5575008392334,28.299999237060547,28.385000228881836,26.03564453125,105677600
2016-11-01,28.364999771118164,28.4424991607666,27.63249969482422,27.872499465942383,25.565555572509766,175303200
2016-11-02,27.850000381469727,28.087499618530273,27.8075008392334,27.897499084472656,25.58848762512207,113326800
2016-11-03,27.7450008392334,27.864999771118164,27.387500762939453,27.457500457763672,25.314220428466797,107730400
2016-11-04,27.13249969482422,27.5625,27.02750015258789,27.209999084472656,25.08603858947754,123348000
2016-11-07,27.520000457763672,27.627500534057617,27.364999771118164,27.602500915527344,25.447898864746094,130240000
2016-11-08,27.577499389648438,27.93000030517578,27.424999237060547,27.764999389648438,25.59771156311035,97016800
2016-11-09,27.469999313354492,27.829999923706055,27.012500762939453,27.719999313354492,25.55622100830078,236705600
2016-11-10,27.772499084472656,27.772499084472656,26.457500457763672,26.947500228881836,24.844022750854492,228538000
2016-11-11,26.780000686645508,27.217500686645508,26.637500762939453,27.107500076293945,24.991535186767578,136575600
2016-11-14,26.927499771118164,26.952499389648438,26.020000457763672,26.427499771118164,24.36461067199707,204702000
2016-11-15,26.642499923706055,26.920000076293945,26.540000915527344,26.77750015258789,24.68729019165039,129058000
2016-11-16,26.674999237060547,27.5575008392334,26.649999618530273,27.497499465942383,25.351089477539062,235362000
2016-11-17,27.452499389648438,27.587499618530273,27.207500457763672,27.487499237060547,25.34187126159668,110528000
2016-11-18,27.43000030517578,27.635000228881836,27.415000915527344,27.514999389648438,25.367231369018555,113715600
2016-11-21,27.530000686645508,27.997499465942383,27.502500534057617,27.9325008392334,25.752140045166016,117058400
2016-11-22,27.987499237060547,28.104999542236328,27.850000381469727,27.950000762939453,25.76827049255371,103862000
2016-11-23,27.84000015258789,27.877500534057617,27.582500457763672,27.8075008392334,25.636892318725586,109705600
2016-11-25,27.782499313354492,27.967500686645508,27.737499237060547,27.947500228881836,25.765962600708008,45903600
2016-11-28,27.857500076293945,28.11750030517578,27.84749984741211,27.892499923706055,25.715255737304688,108776000
2016-11-29,27.69499969482422,28.00749969482422,27.517499923706055,27.864999771118164,25.689908981323242,114115200
2016-11-30,27.899999618530273,28.049999237060547,27.5674991607666,27.6299991607666,25.47324562072754,144649200
2016-12-01,27.592500686645508,27.735000610351562,27.25749969482422,27.372499465942383,25.2358455657959,148347600
2016-12-02,27.292499542236328,27.522499084472656,27.212499618530273,27.475000381469727,25.33034896850586,106112000
2016-12-05,27.5,27.50749969482422,27.0625,27.27750015258789,25.148269653320312,137298000
2016-12-06,27.375,27.59000015258789,27.297500610351562,27.487499237060547,25.34187126159668,104782000
2016-12-07,27.315000534057617,27.797500610351562,27.290000915527344,27.75749969482422,25.590795516967773,119994800
2016-12-08,27.71500015258789,28.107500076293945,27.649999618530273,28.030000686645508,25.842023849487305,108273200
2016-12-09,28.077499389648438,28.674999237060547,28.077499389648438,28.487499237060547,26.263818740844727,137610400
2016-12-12,28.322500228881836,28.75,28.122499465942383,28.325000762939453,26.11400032043457,105497600
2016-12-13,28.459999084472656,28.979999542236328,28.4375,28.797500610351562,26.54961395263672,174935200
2016-12-14,28.760000228881836,29.049999237060547,28.7450008392334,28.797500610351562,26.54961395263672,136127200
2016-12-15,28.844999313354492,29.1825008392334,28.8075008392334,28.954999923706055,26.694822311401367,186098000
2016-12-16,29.11750030517578,29.125,28.912500381469727,28.99250030517578,26.729398727416992,177404400
2016-12-19,28.950000762939453,29.344999313354492,28.9375,29.15999984741211,26.88381576538086,111117600
2016-12-20,29.184999465942383,29.375,29.170000076293945,29.237499237060547,26.95527458190918,85700000
2016-12-21,29.200000762939453,29.350000381469727,29.19499969482422,29.264999389648438,26.980619430541992,95132800
2016-12-22,29.087499618530273,29.127500534057617,28.90999984741211,29.072500228881836,26.80315589904785,104343600
2016-12-23,28.897499084472656,29.1299991607666,28.897499084472656,29.1299991607666,26.85616683959961,56998000
2016-12-27,29.1299991607666,29.450000762939453,29.122499465942383,29.315000534057617,27.026721954345703,73187600
2016-12-28,29.3799991607666,29.5049991607666,29.049999237060547,29.190000534057617,26.911479949951172,83623600
2016-12-29,29.112499237060547,29.27750015258789,29.100000381469727,29.1825008392334,26.904565811157227,60158000
2016-12-30,29.162500381469727,29.299999237060547,28.857500076293945,28.954999923706055,26.694822311401367,122345200
2017-01-03,28.950000762939453,29.082500457763672,28.690000534057617,29.037500381469727,26.77088737487793,115127600
2017-01-04,28.962499618530273,29.127500534057617,28.9375,29.0049991607666,26.74091911315918,84472400
2017-01-05,28.979999542236328,29.21500015258789,28.952499389648438,29.15250015258789,26.876907348632812,88774400
2017-01-06,29.19499969482422,29.540000915527344,29.11750030517578,29.477500915527344,27.17654037475586,127007600
2017-01-09,29.487499237060547,29.857500076293945,29.485000610351562,29.747499465942383,27.425457000732422,134247600
2017-01-10,29.6924991607666,29.844999313354492,29.575000762939453,29.77750015258789,27.45311164855957,97848400
2017-01-11,29.684999465942383,29.982500076293945,29.649999618530273,29.9375,27.600637435913086,110354400
2017-01-12,29.725000381469727,29.825000762939453,29.552499771118164,29.8125,27.485387802124023,108344800
2017-01-13,29.77750015258789,29.905000686645508,29.702499389648438,29.760000228881836,27.43699073791504,104447600
2017-01-17,29.584999084472656,30.059999465942383,29.55500030517578,30.0,27.658246994018555,137759200
2017-01-18,30.0,30.125,29.927499771118164,29.997499465942383,27.65594482421875,94852000
2017-01-19,29.850000381469727,30.022499084472656,29.842500686645508,29.94499969482422,27.6075496673584,102389200
2017-01-20,30.112499237060547,30.112499237060547,29.9325008392334,30.0,27.658246994018555,130391600
2017-01-23,30.0,30.202499389648438,29.9424991607666,30.020000457763672,27.67668914794922,88200800
2017-01-24,29.887500762939453,30.024999618530273,29.875,29.99250030517578,27.651334762573242,92844000
2017-01-25,30.104999542236328,30.524999618530273,30.06999969482422,30.469999313354492,28.09156036376953,129510400
2017-01-26,30.417499542236328,30.610000610351562,30.399999618530273,30.485000610351562,28.10538673400879,105350400
2017-01-27,30.53499984741211,30.587499618530273,30.399999618530273,30.487499237060547,28.10770034790039,82251600
2017-01-30,30.232500076293945,30.407499313354492,30.165000915527344,30.407499313354492,28.0339412689209,121510000
2017-01-31,30.287500381469727,30.34749984741211,30.155000686645508,30.337499618530273,27.969411849975586,196804000
2017-02-01,31.75749969482422,32.622501373291016,31.752500534057617,32.1875,29.674997329711914,447940000
2017-02-02,31.9950008392334,32.34749984741211,31.94499969482422,32.13249969482422,29.624292373657227,134841600
2017-02-03,32.07749938964844,32.29750061035156,32.040000915527344,32.27000045776367,29.751056671142578,98029200
2017-02-06,32.282501220703125,32.625,32.224998474121094,32.5724983215332,30.029945373535156,107383600
2017-02-07,32.6349983215332,33.022499084472656,32.61249923706055,32.88249969482422,30.31575584411621,152735200
2017-02-08,32.837501525878906,33.05500030517578,32.80500030517578,33.0099983215332,30.43328857421875,92016400
2017-02-09,32.912498474121094,33.11249923706055,32.779998779296875,33.10499954223633,30.653209686279297,113399600
2017-02-10,33.1150016784668,33.23500061035156,33.01250076293945,33.029998779296875,30.583759307861328,80262000
2017-02-13,33.27000045776367,33.45500183105469,33.1875,33.3224983215332,30.854602813720703,92141600
2017-02-14,33.36750030517578,33.772499084472656,33.3125,33.755001068115234,31.255062103271484,132904800
2017-02-15,33.880001068115234,34.067501068115234,33.654998779296875,33.877498626708984,31.36849021911621,142492400
2017-02-16,33.91749954223633,33.974998474121094,33.709999084472656,33.837501525878906,31.331457138061523,90338400
2017-02-17,33.775001525878906,33.95750045776367,33.775001525878906,33.93000030517578,31.4171142578125,88792800
2017-02-21,34.057498931884766,34.1875,33.994998931884766,34.17499923706055,31.643951416015625,98028800
2017-02-22,34.10749816894531,34.279998779296875,34.02750015258789,34.27750015258789,31.73886489868164,83347600
2017-02-23,34.345001220703125,34.369998931884766,34.07500076293945,34.13249969482422,31.604602813720703,83152800
2017-02-24,33.977500915527344,34.165000915527344,33.81999969482422,34.165000915527344,31.634693145751953,87106400
2017-02-27,34.28499984741211,34.36000061035156,34.06999969482422,34.23249816894531,31.697193145751953,81029600
2017-02-28,34.27000045776367,34.36000061035156,34.17499923706055,34.247501373291016,31.711090087890625,93931600
2017-03-01,34.47249984741211,35.037498474121094,34.400001525878906,34.9474983215332,32.35924530029297,145658400
2017-03-02,35.0,35.06999969482422,34.689998626708984,34.7400016784668,32.16710662841797,104844000
2017-03-03,34.69499969482422,34.95750045776367,34.647499084472656,34.94499969482422,32.356929779052734,84432400
2017-03-06,34.842498779296875,34.942501068115234,34.650001525878906,34.834999084472656,32.25508117675781,87000000
2017-03-07,34.76499938964844,34.994998931884766,34.6974983215332,34.880001068115234,32.2967414855957,69785200
2017-03-08,34.73749923706055,34.95000076293945,34.70500183105469,34.75,32.176368713378906,74828800
2017-03-09,34.685001373291016,34.6974983215332,34.26250076293945,34.66999816894531,32.10230255126953,88623600
2017-03-10,34.8125,34.84000015258789,34.65999984741211,34.78499984741211,32.20879364013672,78451200
2017-03-13,34.712501525878906,34.85749816894531,34.70500183105469,34.79999923706055,32.222679138183594,69686800
2017-03-14,34.82500076293945,34.912498474121094,34.709999084472656,34.747501373291016,32.17406463623047,61236400
2017-03-15,34.852500915527344,35.1875,34.75749969482422,35.1150016784668,32.51434326171875,102767200
2017-03-16,35.18000030517578,35.255001068115234,35.064998626708984,35.17250061035156,32.56757736206055,76928000
2017-03-17,35.25,35.25,34.97249984741211,34.997501373291016,32.405540466308594,175540000
2017-03-20,35.099998474121094,35.375,35.057498931884766,35.3650016784668,32.74583053588867,86168000
2017-03-21,35.52750015258789,35.70000076293945,34.932498931884766,34.959999084472656,32.37082290649414,158119600
2017-03-22,34.962501525878906,35.400001525878906,34.939998626708984,35.35499954223633,32.736568450927734,103440800
2017-03-23,35.314998626708984,35.39500045776367,35.15250015258789,35.22999954223633,32.620826721191406,81385200
2017-03-24,35.375,35.435001373291016,35.087501525878906,35.15999984741211,32.55601501464844,89582400
2017-03-27,34.84749984741211,35.30500030517578,34.654998779296875,35.220001220703125,32.61156463623047,94300400
2017-03-28,35.227500915527344,36.0099983215332,35.154998779296875,35.95000076293945,33.287506103515625,133499200
2017-03-29,35.91999816894531,36.122501373291016,35.79750061035156,36.029998779296875,33.361576080322266,116760000
2017-03-30,36.04750061035156,36.125,35.875,35.98249816894531,33.31759262084961,84829200
2017-03-31,35.93000030517578,36.067501068115234,35.752498626708984,35.915000915527344,33.25508499145508,78646800
2017-04-03,35.9275016784668,36.029998779296875,35.76250076293945,35.92499923706055,33.26435852050781,79942800
2017-04-04,35.8125,36.22249984741211,35.79249954223633,36.192501068115234,33.51205062866211,79565600
2017-04-05,36.05500030517578,36.3650016784668,35.95249938964844,36.005001068115234,33.33842468261719,110871600
2017-04-06,36.0724983215332,36.130001068115234,35.86249923706055,35.915000915527344,33.25508499145508,84596000
2017-04-07,35.932498931884766,36.04499816894531,35.817501068115234,35.834999084472656,33.18102264404297,66688800
2017-04-10,35.900001525878906,35.970001220703125,35.724998474121094,35.79249954223633,33.14166259765625,75733600
2017-04-11,35.73500061035156,35.837501525878906,35.01499938964844,35.407501220703125,32.78517532348633,121517600
2017-04-12,35.400001525878906,35.537498474121094,35.252498626708984,35.45000076293945,32.82452392578125,81400000
2017-04-13,35.477500915527344,35.595001220703125,35.26250076293945,35.26250076293945,32.650917053222656,71291600
2017-04-17,35.369998931884766,35.470001220703125,35.217498779296875,35.45750045776367,32.83146667480469,66328400
2017-04-18,35.352500915527344,35.5099983215332,35.27750015258789,35.29999923706055,32.685630798339844,58790000
2017-04-19,35.470001220703125,35.5,35.11249923706055,35.16999816894531,32.56527328491211,69313600
2017-04-20,35.30500030517578,35.72999954223633,35.290000915527344,35.61000061035156,32.972686767578125,93278400
2017-04-21,35.61000061035156,35.66999816894531,35.462501525878906,35.567501068115234,32.933326721191406,69283600
2017-04-24,35.875,35.98749923706055,35.79499816894531,35.90999984741211,33.250465393066406,68537200
2017-04-25,35.977500915527344,36.224998474121094,35.967498779296875,36.13249969482422,33.45648193359375,75486000
2017-04-26,36.11750030517578,36.150001525878906,35.845001220703125,35.91999816894531,33.25972366333008,80164800
2017-04-27,35.97999954223633,36.040000915527344,35.82749938964844,35.9474983215332,33.285194396972656,56985200
2017-04-28,36.022499084472656,36.07500076293945,35.817501068115234,35.912498474121094,33.252784729003906,83441600
2017-05-01,36.275001525878906,36.79999923706055,36.2400016784668,36.64500045776367,33.93102264404297,134411600
2017-05-02,36.8849983215332,37.022499084472656,36.709999084472656,36.877498626708984,34.14630889892578,181408800
2017-05-03,36.397499084472656,36.872501373291016,36.067501068115234,36.76499938964844,34.04212951660156,182788000
2017-05-04,36.630001068115234,36.78499984741211,36.45249938964844,36.63249969482422,33.91944885253906,93487600
2017-05-05,36.689998626708984,37.244998931884766,36.689998626708984,37.2400016784668,34.48196792602539,109310800
2017-05-08,37.25749969482422,38.42499923706055,37.25749969482422,38.252498626708984,35.41947937011719,195009600
2017-05-09,38.467498779296875,38.720001220703125,38.36249923706055,38.497501373291016,35.646331787109375,156521600
2017-05-10,38.407501220703125,38.48500061035156,38.02750015258789,38.314998626708984,35.47734451293945,103222800
2017-05-11,38.11249923706055,38.51750183105469,38.07749938964844,38.48749923706055,35.78416442871094,109020400
2017-05-12,38.67499923706055,39.10499954223633,38.66749954223633,39.025001525878906,36.28391647338867,130108000
2017-05-15,39.002498626708984,39.162498474121094,38.76250076293945,38.92499923706055,36.19094467163086,104038800
2017-05-16,38.98500061035156,39.01499938964844,38.68000030517578,38.86750030517578,36.13747787475586,80194000
2017-05-17,38.400001525878906,38.64250183105469,37.4275016784668,37.5625,34.92414855957031,203070800
2017-05-18,37.817501068115234,38.334999084472656,37.782501220703125,38.1349983215332,35.456424713134766,134272800
2017-05-19,38.345001220703125,38.494998931884766,38.157501220703125,38.26499938964844,35.577293395996094,107843200
2017-05-22,38.5,38.64500045776367,38.227500915527344,38.497501373291016,35.79347229003906,91865600
2017-05-23,38.724998474121094,38.724998474121094,38.32749938964844,38.45000076293945,35.749305725097656,79675600
2017-05-24,38.459999084472656,38.54249954223633,38.16749954223633,38.334999084472656,35.64237976074219,76712000
2017-05-25,38.432498931884766,38.587501525878906,38.25749969482422,38.467498779296875,35.76557159423828,76942400
2017-05-26,38.5,38.560001373291016,38.32749938964844,38.40250015258789,35.70513153076172,87710400
2017-05-30,38.35499954223633,38.60749816894531,38.33250045776367,38.41749954223633,35.719085693359375,80507600
2017-05-31,38.49250030517578,38.54249954223633,38.095001220703125,38.189998626708984,35.50754928588867,97804800
2017-06-01,38.29249954223633,38.33250045776367,38.05500030517578,38.29499816894531,35.60519027709961,65616400
2017-06-02,38.39500045776367,38.86249923706055,38.22249984741211,38.86249923706055,36.1328239440918,111082800
2017-06-05,38.584999084472656,38.61249923706055,38.3650016784668,38.48249816894531,35.779502868652344,101326800
2017-06-06,38.474998474121094,38.95249938964844,38.44499969482422,38.61249923706055,35.900386810302734,106499600
2017-06-07,38.755001068115234,38.994998931884766,38.619998931884766,38.842498779296875,36.114227294921875,84278400
2017-06-08,38.8125,38.8849983215332,38.599998474121094,38.747501373291016,36.02591323852539,85003200
2017-06-09,38.79750061035156,38.79750061035156,36.505001068115234,37.244998931884766,34.628929138183594,259530800
2017-06-12,36.435001373291016,36.522499084472656,35.627498626708984,36.35499954223633,33.801448822021484,289229200
2017-06-13,36.790000915527344,36.86249923706055,36.287498474121094,36.647499084472656,34.07341384887695,136661600
2017-06-14,36.875,36.875,35.959999084472656,36.290000915527344,33.74102783203125,126124800
2017-06-15,35.83000183105469,36.119998931884766,35.5525016784668,36.0724983215332,33.53879165649414,128661600
2017-06-16,35.94499969482422,36.125,35.54999923706055,35.567501068115234,33.06926345825195,201444400
2017-06-19,35.915000915527344,36.685001373291016,35.915000915527344,36.584999084472656,34.01530075073242,130165600
2017-06-20,36.717498779296875,36.717498779296875,36.23500061035156,36.252498626708984,33.70616149902344,99600400
2017-06-21,36.380001068115234,36.51750183105469,36.15250015258789,36.467498779296875,33.90604782104492,85063200
2017-06-22,36.442501068115234,36.67499923706055,36.279998779296875,36.407501220703125,33.85026550292969,76425200
2017-06-23,36.282501220703125,36.790000915527344,36.27750015258789,36.56999969482422,34.00135040283203,141757600
2017-06-26,36.79249954223633,37.06999969482422,36.345001220703125,36.45500183105469,33.894439697265625,102769600
2017-06-27,36.252498626708984,36.540000915527344,35.904998779296875,35.932498931884766,33.408634185791016,99047600
2017-06-28,36.122501373291016,36.52750015258789,35.790000915527344,36.45750045776367,33.896751403808594,88329600
2017-06-29,36.1775016784668,36.282501220703125,35.56999969482422,35.91999816894531,33.39700698852539,125997600
2017-06-30,36.11249923706055,36.2400016784668,35.94499969482422,36.005001068115234,33.47603225708008,92096400
2017-07-03,36.220001220703125,36.32500076293945,35.775001525878906,35.875,33.35516357421875,57111200
2017-07-05,35.92250061035156,36.1974983215332,35.68000030517578,36.022499084472656,33.4923095703125,86278400
2017-07-06,35.755001068115234,35.875,35.602500915527344,35.682498931884766,33.17619323730469,96515200
2017-07-07,35.724998474121094,36.1875,35.724998474121094,36.04499816894531,33.51321792602539,76806800
2017-07-10,36.02750015258789,36.48749923706055,35.842498779296875,36.26499938964844,33.71776580810547,84362400
2017-07-11,36.182498931884766,36.462501525878906,36.095001220703125,36.38249969482422,33.827022552490234,79127200
2017-07-12,36.467498779296875,36.54499816894531,36.20500183105469,36.435001373291016,33.87583923339844,99538000
2017-07-13,36.375,37.122501373291016,36.36000061035156,36.942501068115234,34.347686767578125,100797600
2017-07-14,36.99250030517578,37.33250045776367,36.83250045776367,37.2599983215332,34.642879486083984,80528400
2017-07-17,37.20500183105469,37.724998474121094,37.14250183105469,37.38999938964844,34.763755798339844,95174000
2017-07-18,37.29999923706055,37.532501220703125,37.16749954223633,37.52000045776367,34.884620666503906,71475200
2017-07-19,37.619998931884766,37.85499954223633,37.48749923706055,37.755001068115234,35.103111267089844,83692000
2017-07-20,37.875,37.935001373291016,37.54750061035156,37.584999084472656,34.9450569152832,68974800
2017-07-21,37.497501373291016,37.61000061035156,37.220001220703125,37.567501068115234,34.92878341674805,105010400
2017-07-24,37.64500045776367,38.11000061035156,37.474998474121094,38.022499084472656,35.35183334350586,85972800
2017-07-25,37.95000076293945,38.459999084472656,37.95000076293945,38.185001373291016,35.5029182434082,75415600
2017-07-26,38.337501525878906,38.48249816894531,38.26499938964844,38.3650016784668,35.670265197753906,63124000
2017-07-27,38.4375,38.497501373291016,36.82500076293945,37.63999938964844,34.996192932128906,129905200
2017-07-28,37.47249984741211,37.557498931884766,37.29750061035156,37.375,34.74980545043945,68854800
2017-07-31,37.474998474121094,37.58250045776367,37.032501220703125,37.182498931884766,34.570823669433594,79383600
2017-08-01,37.275001525878906,37.55500030517578,37.102500915527344,37.51250076293945,34.87766647338867,141474400
2017-08-02,39.81999969482422,39.9375,39.040000915527344,39.28499984741211,36.525657653808594,279747200
2017-08-03,39.26250076293945,39.3025016784668,38.755001068115234,38.89250183105469,36.16072082519531,108389200
2017-08-04,39.01750183105469,39.349998474121094,38.92250061035156,39.09749984741211,36.351322174072266,82239600
2017-08-07,39.26499938964844,39.72999954223633,39.16749954223633,39.70249938964844,36.9138298034668,87481200
2017-08-08,39.650001525878906,40.45750045776367,39.567501068115234,40.02000045776367,37.20903396606445,144823600
2017-08-09,39.814998626708984,40.317501068115234,39.77750015258789,40.26499938964844,37.43680953979492,104526000
2017-08-10,39.974998474121094,40.0,38.657501220703125,38.83000183105469,36.24439239501953,163217200
2017-08-11,39.150001525878906,39.64250183105469,39.01750183105469,39.369998931884766,36.74842071533203,105028400
2017-08-14,39.83000183105469,40.0525016784668,39.6875,39.962501525878906,37.30146789550781,88490800
2017-08-15,40.165000915527344,40.54999923706055,40.03499984741211,40.400001525878906,37.709835052490234,117862000
2017-08-16,40.48500061035156,40.627498626708984,40.037498474121094,40.23749923706055,37.558170318603516,110686400
2017-08-17,40.130001068115234,40.1775016784668,39.459999084472656,39.46500015258789,36.837100982666016,111762400
2017-08-18,39.46500015258789,39.875,39.18000030517578,39.375,36.75309371948242,109712400
2017-08-21,39.375,39.47249984741211,38.77750015258789,39.3025016784668,36.6854248046875,105474000
2017-08-22,39.557498931884766,40.0,39.505001068115234,39.94499969482422,37.28513717651367,86418400
2017-08-23,39.76750183105469,40.11750030517578,39.720001220703125,39.994998931884766,37.33180618286133,77596400
2017-08-24,40.10749816894531,40.185001373291016,39.63750076293945,39.817501068115234,37.16611862182617,79275600
2017-08-25,39.912498474121094,40.13999938964844,39.817501068115234,39.96500015258789,37.303802490234375,101920400
2017-08-28,40.03499984741211,40.5,39.98249816894531,40.36750030517578,37.679500579833984,103864000
2017-08-29,40.025001525878906,40.779998779296875,40.0,40.727500915527344,38.01553726196289,118067600
2017-08-30,40.95000076293945,40.97249984741211,40.65250015258789,40.837501525878906,38.11821746826172,109078400
2017-08-31,40.90999984741211,41.130001068115234,40.869998931884766,41.0,38.2698974609375,107140400
2017-09-01,41.20000076293945,41.23500061035156,40.907501220703125,41.01250076293945,38.28155517578125,66364400
2017-09-05,40.9375,41.0625,40.13999938964844,40.52000045776367,37.82184982299805,117874000
2017-09-06,40.6775016784668,40.747501373291016,40.130001068115234,40.477500915527344,37.782169342041016,86606800
2017-09-07,40.522499084472656,40.560001373291016,40.09000015258789,40.314998626708984,37.630496978759766,87714000
2017-09-08,40.21500015258789,40.287498474121094,39.63249969482422,39.657501220703125,37.01677322387695,114446000
2017-09-11,40.125,40.51250076293945,39.97249984741211,40.375,37.68650817871094,126323200
2017-09-12,40.65250015258789,40.9900016784668,39.692501068115234,40.21500015258789,37.53715896606445,286856000
2017-09-13,39.967498779296875,39.9900016784668,39.477500915527344,39.912498474121094,37.25480651855469,179629600
2017-09-14,39.747501373291016,39.849998474121094,39.522499084472656,39.56999969482422,36.935115814208984,95042800
2017-09-15,39.61750030517578,40.24250030517578,39.5,39.970001220703125,37.30847930908203,196458400
2017-09-18,40.02750015258789,40.125,39.5,39.66749954223633,37.0261116027832,113077600
2017-09-19,39.877498626708984,39.942501068115234,39.61000061035156,39.682498931884766,37.04011917114258,83242400
2017-09-20,39.474998474121094,39.564998626708984,38.45750045776367,39.01750183105469,36.41939926147461,211805600
2017-09-21,38.95000076293945,38.95000076293945,38.1875,38.34749984741211,35.79401397705078,150046800
2017-09-22,37.8849983215332,38.067501068115234,37.63999938964844,37.97249984741211,35.4439811706543,186581600
2017-09-25,37.497501373291016,37.95750045776367,37.290000915527344,37.63750076293945,35.13128662109375,177549200
2017-09-26,37.94499969482422,38.47999954223633,37.92250061035156,38.28499984741211,35.73567581176758,146640000
2017-09-27,38.45000076293945,38.68000030517578,38.3849983215332,38.557498931884766,35.99002456665039,102016800
2017-09-28,38.47249984741211,38.56999969482422,38.17499923706055,38.31999969482422,35.76834487915039,88022000
2017-09-29,38.3025016784668,38.532501220703125,38.0,38.529998779296875,35.964359283447266,105199200
2017-10-02,38.564998626708984,38.61249923706055,38.18000030517578,38.45249938964844,35.892024993896484,74795200
2017-10-03,38.502498626708984,38.772499084472656,38.477500915527344,38.619998931884766,36.048370361328125,64921200
2017-10-04,38.407501220703125,38.46500015258789,38.1150016784668,38.369998931884766,35.81500244140625,80655200
2017-10-05,38.54499816894531,38.86000061035156,38.51250076293945,38.84749984741211,36.260711669921875,85135200
2017-10-06,38.74250030517578,38.872501373291016,38.63999938964844,38.82500076293945,36.239723205566406,69630400
2017-10-09,38.95249938964844,39.182498931884766,38.872501373291016,38.959999084472656,36.365718841552734,65051600
2017-10-10,39.01499938964844,39.5,38.775001525878906,38.974998474121094,36.379730224609375,62468000
2017-10-11,38.99250030517578,39.244998931884766,38.9375,39.13750076293945,36.531402587890625,67622400
2017-10-12,39.087501525878906,39.342498779296875,38.932498931884766,39.0,36.40306854248047,64500400
2017-10-13,39.182498931884766,39.31999969482422,39.102500915527344,39.247501373291016,36.63408660888672,65576800
2017-10-16,39.474998474121094,40.0,39.412498474121094,39.970001220703125,37.30847930908203,96486000
2017-10-17,39.94499969482422,40.217498779296875,39.807498931884766,40.11750030517578,37.44615936279297,75989200
2017-10-18,40.10499954223633,40.1775016784668,39.900001525878906,39.939998626708984,37.28046417236328,65496800
2017-10-19,39.1875,39.27000045776367,38.755001068115234,38.994998931884766,36.398399353027344,170336800
2017-10-20,39.15250015258789,39.4375,38.9900016784668,39.0625,36.461395263671875,95896400
2017-10-23,39.22249984741211,39.42250061035156,38.875,39.04249954223633,36.4427490234375,87937200
2017-10-24,39.0724983215332,39.35499954223633,39.04999923706055,39.275001525878906,36.65974426269531,71028800
2017-10-25,39.227500915527344,39.38750076293945,38.817501068115234,39.102500915527344,36.498748779296875,84828400
2017-10-26,39.307498931884766,39.45750045776367,39.19499969482422,39.352500915527344,36.732093811035156,68002000
2017-10-27,39.8224983215332,40.900001525878906,39.67499923706055,40.76250076293945,38.048213958740234,177816800
2017-10-30,40.97249984741211,42.01750183105469,40.93000030517578,41.68000030517578,38.90460968017578,178803200
2017-10-31,41.974998474121094,42.412498474121094,41.73500061035156,42.2599983215332,39.445980072021484,144187200
2017-11-01,42.467498779296875,42.48500061035156,41.40250015258789,41.72249984741211,38.94429016113281,134551200
2017-11-02,41.650001525878906,42.125,41.31999969482422,42.02750015258789,39.22896957397461,165573600
2017-11-03,43.5,43.564998626708984,42.779998779296875,43.125,40.253387451171875,237594400
2017-11-06,43.092498779296875,43.747501373291016,42.93000030517578,43.5625,40.66175842285156,140105200
2017-11-07,43.477500915527344,43.8125,43.400001525878906,43.70249938964844,40.79243087768555,97446000
2017-11-08,43.665000915527344,44.060001373291016,43.58250045776367,44.060001373291016,41.126129150390625,97638000
2017-11-09,43.77750015258789,44.025001525878906,43.28499984741211,43.970001220703125,41.0421257019043,117930400
2017-11-10,43.77750015258789,43.845001220703125,43.567501068115234,43.66749954223633,40.90629196166992,100582000
2017-11-13,43.375,43.625,43.349998474121094,43.49250030517578,40.74235534667969,67928400
2017-11-14,43.2599983215332,43.369998931884766,42.79499816894531,42.834999084472656,40.12644577026367,99130000
2017-11-15,42.49250030517578,42.58000183105469,42.095001220703125,42.27000045776367,39.59714889526367,116632400
2017-11-16,42.79499816894531,42.967498779296875,42.57500076293945,42.775001525878906,40.07023620605469,94550000
2017-11-17,42.7599983215332,42.84749984741211,42.40999984741211,42.537498474121094,39.847747802734375,87598000
2017-11-20,42.5724983215332,42.63999938964844,42.38999938964844,42.494998931884766,39.807926177978516,65049600
2017-11-21,42.69499969482422,43.42499923706055,42.69499969482422,43.28499984741211,40.547977447509766,100525200
2017-11-22,43.34000015258789,43.75,43.26250076293945,43.7400016784668,40.974212646484375,102355600
2017-11-24,43.775001525878906,43.875,43.662498474121094,43.74250030517578,40.97654724121094,56106800
2017-11-27,43.76250076293945,43.77000045776367,43.334999084472656,43.522499084472656,40.770450592041016,82867200
2017-11-28,43.57500076293945,43.717498779296875,42.96500015258789,43.26750183105469,40.531585693359375,105715200
2017-11-29,43.157501220703125,43.22999954223633,41.790000915527344,42.369998931884766,39.69082260131836,166665600
2017-11-30,42.60749816894531,43.03499984741211,42.11000061035156,42.962501525878906,40.245880126953125,166108800
2017-12-01,42.48749923706055,42.91749954223633,42.125,42.76250076293945,40.05850601196289,159037200
2017-12-04,43.119998931884766,43.154998779296875,42.407501220703125,42.45000076293945,39.76578140258789,130169600
2017-12-05,42.26499938964844,42.880001068115234,42.099998474121094,42.40999984741211,39.72831726074219,109400800
2017-12-06,41.875,42.54999923706055,41.6150016784668,42.252498626708984,39.58076095581055,114240000
2017-12-07,42.25749969482422,42.61000061035156,42.227500915527344,42.33000183105469,39.65336608886719,102693200
2017-12-08,42.622501373291016,42.75,42.20500183105469,42.342498779296875,39.66508102416992,93420800
2017-12-11,42.29999923706055,43.22249984741211,42.1974983215332,43.16749954223633,40.43790054321289,141095200
2017-12-12,43.037498474121094,43.09749984741211,42.8650016784668,42.92499923706055,40.21072006225586,77636800
2017-12-13,43.125,43.3849983215332,43.0,43.067501068115234,40.34423065185547,95273600
2017-12-14,43.099998474121094,43.282501220703125,42.912498474121094,43.05500030517578,40.33252716064453,81906000
2017-12-15,43.407501220703125,43.54249954223633,43.1150016784668,43.49250030517578,40.74235534667969,160677200
2017-12-18,43.720001220703125,44.29999923706055,43.71500015258789,44.10499954223633,41.31612777709961,117684400
2017-12-19,43.75749969482422,43.84749984741211,43.522499084472656,43.6349983215332,40.87583541870117,109745600
2017-12-20,43.717498779296875,43.85499954223633,43.3125,43.587501525878906,40.83134460449219,93902400
2017-12-21,43.54249954223633,44.005001068115234,43.525001525878906,43.752498626708984,40.98591232299805,83799600
2017-12-22,43.66999816894531,43.85499954223633,43.625,43.752498626708984,40.98591232299805,65397600
2017-12-26,42.70000076293945,42.86750030517578,42.41999816894531,42.64250183105469,39.946102142333984,132742000
2017-12-27,42.525001525878906,42.69499969482422,42.4275016784668,42.650001525878906,39.9531364440918,85992800
2017-12-28,42.75,42.962501525878906,42.619998931884766,42.77000045776367,40.06553649902344,65920800
2017-12-29,42.630001068115234,42.647499084472656,42.30500030517578,42.307498931884766,39.63228225708008,103999600
2018-01-02,42.540000915527344,43.07500076293945,42.314998626708984,43.064998626708984,40.34187698364258,102223600
2018-01-03,43.13249969482422,43.63750076293945,42.9900016784668,43.057498931884766,40.33485794067383,118071600
2018-01-04,43.1349983215332,43.36750030517578,43.02000045776367,43.25749969482422,40.522220611572266,89738400
2018-01-05,43.36000061035156,43.842498779296875,43.26250076293945,43.75,40.98357391357422,94640000
2018-01-08,43.587501525878906,43.90250015258789,43.48249816894531,43.587501525878906,40.83134460449219,82271200
2018-01-09,43.63750076293945,43.76499938964844,43.352500915527344,43.58250045776367,40.826663970947266,86336000
2018-01-10,43.290000915527344,43.57500076293945,43.25,43.5724983215332,40.817291259765625,95839600
2018-01-11,43.647499084472656,43.872501373291016,43.622501373291016,43.81999969482422,41.04914855957031,74670800
2018-01-12,44.04499816894531,44.34000015258789,43.912498474121094,44.272499084472656,41.4730339050293,101672400
2018-01-16,44.474998474121094,44.84749984741211,44.03499984741211,44.04750061035156,41.26225662231445,118263600
2018-01-17,44.037498474121094,44.8125,43.76750183105469,44.775001525878906,41.94375991821289,137547200
2018-01-18,44.842498779296875,45.025001525878906,44.5625,44.814998626708984,41.981224060058594,124773600
2018-01-19,44.65250015258789,44.89500045776367,44.352500915527344,44.6150016784668,41.79387664794922,129700400
2018-01-22,44.32500076293945,44.44499969482422,44.150001525878906,44.25,41.451969146728516,108434400
2018-01-23,44.32500076293945,44.86000061035156,44.20500183105469,44.2599983215332,41.46132278442383,130756400
2018-01-24,44.3125,44.32500076293945,43.29999923706055,43.55500030517578,40.800899505615234,204420400
2018-01-25,43.627498626708984,43.73749923706055,42.63249969482422,42.77750015258789,40.07257843017578,166116000
2018-01-26,43.0,43.0,42.51499938964844,42.877498626708984,40.1662483215332,156572000
2018-01-29,42.540000915527344,42.540000915527344,41.76750183105469,41.9900016784668,39.334861755371094,202561600
2018-01-30,41.38249969482422,41.842498779296875,41.17499923706055,41.74250030517578,39.1030158996582,184192800
2018-01-31,41.717498779296875,42.11000061035156,41.625,41.85749816894531,39.21074295043945,129915600
2018-02-01,41.79249954223633,42.154998779296875,41.689998626708984,41.94499969482422,39.29270553588867,188923200
2018-02-02,41.5,41.70000076293945,40.025001525878906,40.125,37.58780288696289,346375200
2018-02-05,39.775001525878906,40.970001220703125,39.0,39.122501373291016,36.648685455322266,290954000
2018-02-06,38.70750045776367,40.93000030517578,38.5,40.75749969482422,38.18029022216797,272975200
2018-02-07,40.772499084472656,40.849998474121094,39.76750183105469,39.8849983215332,37.36296463012695,206434400
2018-02-08,40.0724983215332,40.25,38.75749969482422,38.787498474121094,36.33485794067383,217562000
2018-02-09,39.26750183105469,39.47249984741211,37.560001373291016,39.102500915527344,36.779296875,282690400
2018-02-12,39.625,40.97249984741211,39.377498626708984,40.6775016784668,38.260719299316406,243278000
2018-02-13,40.48749923706055,41.1875,40.412498474121094,41.084999084472656,38.64399719238281,130196800
2018-02-14,40.7599983215332,41.8849983215332,40.720001220703125,41.842498779296875,39.35649490356445,162579600
2018-02-15,42.4474983215332,43.272499084472656,42.25,43.247501373291016,40.67802429199219,204588800
2018-02-16,43.09000015258789,43.70500183105469,42.942501068115234,43.10749816894531,40.546348571777344,160704400
2018-02-20,43.01250076293945,43.564998626708984,42.85499954223633,42.962501525878906,40.40996551513672,135722000
2018-02-21,43.20750045776367,43.529998779296875,42.752498626708984,42.76750183105469,40.22654342651367,149886400
2018-02-22,42.95000076293945,43.48749923706055,42.9275016784668,43.125,40.56279373168945,123967600
2018-02-23,43.41749954223633,43.912498474121094,43.3849983215332,43.875,41.268245697021484,135249600
2018-02-26,44.087501525878906,44.84749984741211,44.0525016784668,44.74250030517578,42.084190368652344,152648800
2018-02-27,44.775001525878906,45.119998931884766,44.540000915527344,44.59749984741211,41.947811126708984,155712400
2018-02-28,44.814998626708984,45.154998779296875,44.51250076293945,44.529998779296875,41.88432312011719,151128400
2018-03-01,44.6349983215332,44.94499969482422,43.165000915527344,43.75,41.150665283203125,195208000
2018-03-02,43.20000076293945,44.07500076293945,43.11249923706055,44.0525016784668,41.435203552246094,153816000
2018-03-05,43.8025016784668,44.435001373291016,43.630001068115234,44.20500183105469,41.57863998413086,113605600
2018-03-06,44.477500915527344,44.5625,44.032501220703125,44.16749954223633,41.543365478515625,95154000
2018-03-07,43.73500061035156,43.962501525878906,43.567501068115234,43.75749969482422,41.1577262878418,126814000
2018-03-08,43.869998931884766,44.279998779296875,43.76750183105469,44.23500061035156,41.60683822631836,95096400
2018-03-09,44.4900016784668,45.0,44.34749984741211,44.994998931884766,42.32170486450195,128740800
2018-03-12,45.0724983215332,45.59749984741211,45.0525016784668,45.43000030517578,42.730857849121094,128828400
2018-03-13,45.647499084472656,45.875,44.810001373291016,44.99250030517578,42.319339752197266,126774000
2018-03-14,45.08000183105469,45.130001068115234,44.45249938964844,44.61000061035156,41.95957946777344,117473600
2018-03-15,44.625,45.060001373291016,44.51750183105469,44.662498474121094,42.008941650390625,90975200
2018-03-16,44.662498474121094,44.779998779296875,44.404998779296875,44.505001068115234,41.86080551147461,157618800
2018-03-19,44.33000183105469,44.36750030517578,43.415000915527344,43.82500076293945,41.22122573852539,133787200
2018-03-20,43.810001373291016,44.20000076293945,43.73500061035156,43.810001373291016,41.20711898803711,78597600
2018-03-21,43.7599983215332,43.772499084472656,42.814998626708984,42.817501068115234,40.2735710144043,148219600
2018-03-22,42.5,43.16999816894531,42.150001525878906,42.212501525878906,39.70452117919922,165963200
2018-03-23,42.09749984741211,42.47999954223633,41.23500061035156,41.23500061035156,38.78509521484375,164115200
2018-03-26,42.01750183105469,43.275001525878906,41.61000061035156,43.192501068115234,40.62629318237305,150164800
2018-03-27,43.41999816894531,43.787498474121094,41.72999954223633,42.084999084472656,39.5845832824707,163690400
2018-03-28,41.8125,42.505001068115234,41.29750061035156,41.619998931884766,39.14720916748047,166674000
2018-03-29,41.95249938964844,42.9375,41.724998474121094,41.94499969482422,39.452911376953125,153594000
2018-04-02,41.65999984741211,42.23500061035156,41.11750030517578,41.66999816894531,39.19424819946289,150347200
2018-04-03,41.90999984741211,42.1875,41.220001220703125,42.09749984741211,39.59635543823242,121112000
2018-04-04,41.220001220703125,43.002498626708984,41.192501068115234,42.90250015258789,40.3535270690918,138422000
2018-04-05,43.14500045776367,43.557498931884766,43.02000045776367,43.20000076293945,40.63334274291992,107732800
2018-04-06,42.74250030517578,43.119998931884766,42.04999923706055,42.095001220703125,39.5940055847168,140021200
2018-04-09,42.470001220703125,43.272499084472656,42.462501525878906,42.51250076293945,39.986698150634766,116070800
2018-04-10,43.25,43.5,42.88249969482422,43.3125,40.739158630371094,113634400
2018-04-11,43.057498931884766,43.47999954223633,42.92499923706055,43.11000061035156,40.54869079589844,89726400
2018-04-12,43.352500915527344,43.75,43.2599983215332,43.53499984741211,40.94843292236328,91557200
2018-04-13,43.69499969482422,43.959999084472656,43.462501525878906,43.682498931884766,41.08718490600586,100497200
2018-04-16,43.75749969482422,44.04750061035156,43.70750045776367,43.95500183105469,41.34349060058594,86313600
2018-04-17,44.122501373291016,44.73500061035156,44.102500915527344,44.560001373291016,41.91255187988281,106421600
2018-04-18,44.45249938964844,44.70500183105469,44.220001220703125,44.459999084472656,41.81849670410156,83018000
2018-04-19,43.439998626708984,43.84749984741211,43.165000915527344,43.20000076293945,40.63334274291992,139235200
2018-04-20,42.650001525878906,42.80500030517578,41.35749816894531,41.43000030517578,38.968505859375,261964400
2018-04-23,41.70750045776367,41.72999954223633,41.022499084472656,41.310001373291016,38.85564422607422,146062000
2018-04-24,41.41749954223633,41.58250045776367,40.30500030517578,40.73500061035156,38.31480026245117,134768000
2018-04-25,40.654998779296875,41.35499954223633,40.602500915527344,40.912498474121094,38.48174285888672,113528400
2018-04-26,41.029998779296875,41.432498931884766,40.842498779296875,41.05500030517578,38.615787506103516,111852000
2018-04-27,41.0,41.08250045776367,40.157501220703125,40.58000183105469,38.16901779174805,142623200
2018-04-30,40.532501220703125,41.814998626708984,40.459999084472656,41.314998626708984,38.8603401184082,169709600
2018-05-01,41.602500915527344,42.29999923706055,41.317501068115234,42.275001525878906,39.763301849365234,214277600
2018-05-02,43.807498931884766,44.4375,43.45000076293945,44.14250183105469,41.51985168457031,266157600
2018-05-03,43.970001220703125,44.375,43.61000061035156,44.22249984741211,41.5950927734375,136272800
2018-05-04,44.5625,46.0625,44.54249954223633,45.95750045776367,43.227012634277344,224805200
2018-05-07,46.29499816894531,46.91749954223633,46.1875,46.290000915527344,43.53976821899414,169805600
2018-05-08,46.247501373291016,46.55500030517578,45.91749954223633,46.51250076293945,43.74903869628906,113611200
2018-05-09,46.63750076293945,46.849998474121094,46.30500030517578,46.84000015258789,44.05708694458008,92844800
2018-05-10,46.935001373291016,47.592498779296875,46.912498474121094,47.5099983215332,44.68728256225586,111957200
2018-05-11,47.372501373291016,47.51499938964844,46.86249923706055,47.147499084472656,44.517311096191406,104848800
2018-05-14,47.252498626708984,47.38249969482422,46.96500015258789,47.037498474121094,44.413448333740234,83115200
2018-05-15,46.69499969482422,46.76750183105469,46.275001525878906,46.61000061035156,44.009803771972656,94780800
2018-05-16,46.51750183105469,47.1150016784668,46.5,47.04499816894531,44.42052459716797,76732400
2018-05-17,47.0,47.227500915527344,46.59000015258789,46.747501373291016,44.1396369934082,69176000
2018-05-18,46.79750061035156,46.95249938964844,46.532501220703125,46.57749938964844,43.9791145324707,73190800
2018-05-21,47.0,47.317501068115234,46.727500915527344,46.907501220703125,44.29070281982422,73603200
2018-05-22,47.095001220703125,47.220001220703125,46.69499969482422,46.790000915527344,44.17975616455078,60962800
2018-05-23,46.587501525878906,47.125,46.439998626708984,47.09000015258789,44.4630241394043,80233600
2018-05-24,47.192501068115234,47.209999084472656,46.5525016784668,47.037498474121094,44.413448333740234,92936000
2018-05-25,47.057498931884766,47.412498474121094,46.912498474121094,47.14500045776367,44.51496505737305,69844000
2018-05-29,46.900001525878906,47.1875,46.717498779296875,46.974998474121094,44.35444259643555,90056400
2018-05-30,46.93000030517578,47.0,46.69499969482422,46.875,44.2600212097168,74762000
2018-05-31,46.80500030517578,47.057498931884766,46.53499984741211,46.717498779296875,44.11130142211914,109931200
2018-06-01,46.997501373291016,47.564998626708984,46.9375,47.560001373291016,44.90681076049805,93770000
2018-06-04,47.90999984741211,48.35499954223633,47.837501525878906,47.95750045776367,45.282127380371094,105064800
2018-06-05,48.26750183105469,48.48500061035156,48.09000015258789,48.32749938964844,45.63148498535156,86264000
2018-06-06,48.407501220703125,48.52000045776367,47.97999954223633,48.494998931884766,45.789649963378906,83734400
2018-06-07,48.53499984741211,48.54999923706055,48.084999084472656,48.3650016784668,45.666900634765625,85388800
2018-06-08,47.79249954223633,48.0,47.442501068115234,47.92499923706055,45.251434326171875,106627200
2018-06-11,47.837501525878906,47.99250030517578,47.5525016784668,47.807498931884766,45.1404914855957,73234000
2018-06-12,47.84749984741211,48.15250015258789,47.787498474121094,48.06999969482422,45.38835525512695,67644400
2018-06-13,48.10499954223633,48.220001220703125,47.61000061035156,47.67499923706055,45.01538848876953,86553600
2018-06-14,47.88750076293945,47.89250183105469,47.55500030517578,47.70000076293945,45.03899383544922,86440400
2018-06-15,47.50749969482422,47.540000915527344,47.064998626708984,47.209999084472656,44.576324462890625,246876800
2018-06-18,46.970001220703125,47.30500030517578,46.79999923706055,47.185001373291016,44.5527229309082,73939600
2018-06-19,46.28499984741211,46.58250045776367,45.86249923706055,46.42250061035156,43.832759857177734,134314000
2018-06-20,46.587501525878906,46.79999923706055,46.432498931884766,46.625,44.02395248413086,82514800
2018-06-21,46.8125,47.087501525878906,46.23500061035156,46.3650016784668,43.778465270996094,102847600
2018-06-22,46.529998779296875,46.537498474121094,46.17499923706055,46.22999954223633,43.651004791259766,108801600
2018-06-25,45.849998474121094,46.22999954223633,45.182498931884766,45.54249954223633,43.0018424987793,126652400
2018-06-26,45.747501373291016,46.63249969482422,45.6349983215332,46.10749816894531,43.535335540771484,98276800
2018-06-27,46.307498931884766,46.81999969482422,46.00749969482422,46.040000915527344,43.47160339355469,101141200
2018-06-28,46.025001525878906,46.5525016784668,45.95000076293945,46.375,43.78791046142578,69460800
2018-06-29,46.5724983215332,46.79750061035156,45.727500915527344,46.27750015258789,43.69585037231445,90950800
2018-07-02,45.95500183105469,46.82500076293945,45.85499954223633,46.79499816894531,44.18447494506836,70925200
2018-07-03,46.9474983215332,46.98749923706055,45.8849983215332,45.97999954223633,43.414955139160156,55819200
2018-07-05,46.314998626708984,46.602500915527344,46.06999969482422,46.349998474121094,43.76429748535156,66416800
2018-07-06,46.35499954223633,47.10749816894531,46.29999923706055,46.99250030517578,44.3709716796875,69940800
2018-07-09,47.375,47.66999816894531,47.32500076293945,47.64500045776367,44.9870719909668,79026400
2018-07-10,47.6775016784668,47.81999969482422,47.54499816894531,47.587501525878906,44.932762145996094,63756400
2018-07-11,47.125,47.44499969482422,46.90250015258789,46.970001220703125,44.3497200012207,75326000
2018-07-12,47.38249969482422,47.852500915527344,47.32749938964844,47.75749969482422,45.0932731628418,72164400
2018-07-13,47.77000045776367,47.959999084472656,47.724998474121094,47.83250045776367,45.16410446166992,50055600
2018-07-16,47.880001068115234,48.162498474121094,47.60499954223633,47.727500915527344,45.064971923828125,60172400
2018-07-17,47.4375,47.967498779296875,47.29999923706055,47.86249923706055,45.19243621826172,62138000
2018-07-18,47.94499969482422,47.95000076293945,47.48249816894531,47.599998474121094,44.94457244873047,65573600
2018-07-19,47.42250061035156,48.13750076293945,47.42250061035156,47.970001220703125,45.29392623901367,81147200
2018-07-20,47.94499969482422,48.10749816894531,47.54249954223633,47.86000061035156,45.1900634765625,82704800
2018-07-23,47.66999816894531,47.9900016784668,47.38999938964844,47.90250015258789,45.23020935058594,63957600
2018-07-24,48.11249923706055,48.415000915527344,48.01250076293945,48.25,45.55830764770508,74791600
2018-07-25,48.26499938964844,48.712501525878906,48.10749816894531,48.70500183105469,45.987945556640625,66839600
2018-07-26,48.65250015258789,48.9900016784668,48.40250015258789,48.5525016784668,45.843936920166016,76304000
2018-07-27,48.747501373291016,48.79750061035156,47.525001525878906,47.744998931884766,45.08148956298828,96096000
2018-07-30,47.974998474121094,48.04999923706055,47.26750183105469,47.477500915527344,44.82891082763672,84118000
2018-07-31,47.57500076293945,48.03499984741211,47.334999084472656,47.5724983215332,44.91860580444336,157492000
2018-08-01,49.782501220703125,50.439998626708984,49.32749938964844,50.375,47.56477355957031,271742800
2018-08-02,50.14500045776367,52.095001220703125,50.087501525878906,51.84749984741211,48.955116271972656,249616000
2018-08-03,51.75749969482422,52.185001373291016,51.369998931884766,51.997501373291016,49.09675216674805,133789600
2018-08-06,52.0,52.3125,51.76750183105469,52.26750183105469,49.3516960144043,101701600
2018-08-07,52.33000183105469,52.375,51.689998626708984,51.77750015258789,48.8890266418457,102349600
2018-08-08,51.51250076293945,51.95249938964844,51.130001068115234,51.8125,48.922088623046875,90102000
2018-08-09,52.38249969482422,52.44499969482422,51.79999923706055,52.220001220703125,49.306846618652344,93970400
2018-08-10,51.84000015258789,52.275001525878906,51.66749954223633,51.88249969482422,49.15997314453125,98444800
2018-08-13,52.32749938964844,52.73749923706055,51.92499923706055,52.217498779296875,49.477394104003906,103563600
2018-08-14,52.540000915527344,52.63999938964844,52.064998626708984,52.4375,49.68584442138672,82992000
2018-08-15,52.30500030517578,52.685001373291016,52.08250045776367,52.560001373291016,49.80192184448242,115230400
2018-08-16,52.9375,53.45249938964844,52.86750030517578,53.33000183105469,50.53152084350586,114001600
2018-08-17,53.36000061035156,54.48749923706055,53.290000915527344,54.39500045776367,51.540626525878906,141708000
2018-08-20,54.525001525878906,54.79499816894531,53.77750015258789,53.8650016784668,51.03844451904297,121150800
2018-08-21,54.20000076293945,54.29750061035156,53.50749969482422,53.7599983215332,50.93894958496094,104639200
2018-08-22,53.525001525878906,54.09000015258789,53.459999084472656,53.76250076293945,50.941322326660156,76072400
2018-08-23,53.662498474121094,54.26250076293945,53.650001525878906,53.872501373291016,51.04554748535156,75532800
2018-08-24,54.150001525878906,54.224998474121094,53.77750015258789,54.040000915527344,51.20427322387695,73905600
2018-08-27,54.287498474121094,54.685001373291016,54.08250045776367,54.48500061035156,51.62590789794922,82100400
2018-08-28,54.752498626708984,55.1349983215332,54.72999954223633,54.92499923706055,52.0428352355957,91107200
2018-08-29,55.037498474121094,55.872501373291016,54.852500915527344,55.744998931884766,52.819801330566406,109019200
2018-08-30,55.8125,57.064998626708984,55.599998474121094,56.25749969482422,53.30538558959961,195175200
2018-08-31,56.627498626708984,57.217498779296875,56.5,56.907501220703125,53.921295166015625,173360400
2018-09-04,57.102500915527344,57.29499816894531,56.657501220703125,57.09000015258789,54.094207763671875,109560400
2018-09-05,57.247501373291016,57.41749954223633,56.275001525878906,56.717498779296875,53.74126052856445,133332000
2018-09-06,56.557498931884766,56.837501525878906,55.32500076293945,55.775001525878906,52.84822082519531,137160000
2018-09-07,55.462501525878906,56.342498779296875,55.1775016784668,55.32500076293945,52.421836853027344,150479200
2018-09-10,55.23749923706055,55.462501525878906,54.11750030517578,54.58250045776367,51.718299865722656,158066000
2018-09-11,54.502498626708984,56.07500076293945,54.13999938964844,55.962501525878906,53.025882720947266,142996000
2018-09-12,56.23500061035156,56.25,54.959999084472656,55.26750183105469,52.36734390258789,197114800
2018-09-13,55.880001068115234,57.087501525878906,55.64250183105469,56.602500915527344,53.632286071777344,166825600
2018-09-14,56.4375,56.709999084472656,55.630001068115234,55.959999084472656,53.02350997924805,127997200
2018-09-17,55.537498474121094,55.73749923706055,54.317501068115234,54.470001220703125,51.6117057800293,148780400
2018-09-18,54.4474983215332,55.462501525878906,54.279998779296875,54.560001373291016,51.696964263916016,126286800
2018-09-19,54.625,54.904998779296875,53.82500076293945,54.592498779296875,51.72776412963867,108495200
2018-09-20,55.060001373291016,55.56999969482422,54.787498474121094,55.00749969482422,52.120994567871094,106435200
2018-09-21,55.19499969482422,55.34000015258789,54.3224983215332,54.415000915527344,51.55958938598633,384986800
2018-09-24,54.20500183105469,55.314998626708984,54.157501220703125,55.1974983215332,52.30101776123047,110773600
2018-09-25,54.9375,55.70500183105469,54.92499923706055,55.54750061035156,52.63265609741211,98217600
2018-09-26,55.25,55.9375,54.939998626708984,55.10499954223633,52.213375091552734,95938800
2018-09-27,55.95500183105469,56.61000061035156,55.8849983215332,56.23749923706055,53.28644561767578,120724800
2018-09-28,56.1974983215332,56.459999084472656,56.005001068115234,56.435001373291016,53.47358703613281,91717600
2018-10-01,56.98749923706055,57.35499954223633,56.587501525878906,56.814998626708984,53.833641052246094,94403200
2018-10-02,56.8125,57.5,56.657501220703125,57.31999969482422,54.3121337890625,99152800
2018-10-03,57.51250076293945,58.36750030517578,57.44499969482422,58.01750183105469,54.97304153442383,114619200
2018-10-04,57.69499969482422,58.087501525878906,56.682498931884766,56.997501373291016,54.00657653808594,128168000
2018-10-05,56.9900016784668,57.102500915527344,55.14500045776367,56.0724983215332,53.13009262084961,134322000
2018-10-08,55.5525016784668,56.20000076293945,55.04999923706055,55.942501068115234,53.006927490234375,118655600
2018-10-09,55.90999984741211,56.817501068115234,55.5625,56.717498779296875,53.74126052856445,107564000
2018-10-10,56.3650016784668,56.587501525878906,54.01250076293945,54.09000015258789,51.25163650512695,167962400
2018-10-11,53.630001068115234,54.875,53.08000183105469,53.61249923706055,50.7991943359375,212497600
2018-10-12,55.10499954223633,55.720001220703125,54.209999084472656,55.52750015258789,52.613704681396484,161351600
2018-10-15,55.290000915527344,55.45750045776367,54.317501068115234,54.34000015258789,51.488525390625,123164000
2018-10-16,54.73249816894531,55.747501373291016,54.189998626708984,55.537498474121094,52.62317657470703,116736000
2018-10-17,55.57500076293945,55.65999984741211,54.834999084472656,55.29750061035156,52.39576721191406,91541600
2018-10-18,54.46500015258789,54.935001373291016,53.25,54.005001068115234,51.17109298706055,130325200
2018-10-19,54.51499938964844,55.314998626708984,54.35749816894531,54.82749938964844,51.950435638427734,132314800
2018-10-22,54.9474983215332,55.84000015258789,54.73500061035156,55.162498474121094,52.267860412597656,115168400
2018-10-23,53.95750045776367,55.8125,53.67499923706055,55.682498931884766,52.76057434082031,155071200
2018-10-24,55.650001525878906,56.057498931884766,53.6349983215332,53.772499084472656,50.950801849365234,163702000
2018-10-25,54.4275016784668,55.345001220703125,54.1875,54.95000076293945,52.06651306152344,119423200
2018-10-26,53.974998474121094,55.04750061035156,53.16749954223633,54.07500076293945,51.23741912841797,189033600
2018-10-29,54.79750061035156,54.92250061035156,51.522499084472656,53.060001373291016,50.27568435668945,183742000
2018-10-30,52.787498474121094,53.79499816894531,52.317501068115234,53.32500076293945,50.52678298950195,146640000
2018-10-31,54.220001220703125,55.11249923706055,54.154998779296875,54.71500015258789,51.843841552734375,153435600
2018-11-01,54.76250076293945,55.59000015258789,54.20249938964844,55.55500030517578,52.639766693115234,233292800
2018-11-02,52.38750076293945,53.412498474121094,51.35749816894531,51.869998931884766,49.14813232421875,365314800
2018-11-05,51.07500076293945,51.09749984741211,49.54249954223633,50.397499084472656,47.752899169921875,264654800
2018-11-06,50.47999954223633,51.18000030517578,50.42250061035156,50.942501068115234,48.26930236816406,127531600
2018-11-07,51.49250030517578,52.51499938964844,51.032501220703125,52.48749923706055,49.73323440551758,133697600
2018-11-08,52.494998931884766,52.529998779296875,51.6875,52.122501373291016,49.5597038269043,101450400
2018-11-09,51.38750076293945,51.502498626708984,50.5625,51.11750030517578,48.60411834716797,137463200
2018-11-12,49.75,49.962501525878906,48.4474983215332,48.54249954223633,46.15572738647461,204542000
2018-11-13,47.907501220703125,49.29499816894531,47.86249923706055,48.057498931884766,45.6945686340332,187531600
2018-11-14,48.474998474121094,48.619998931884766,46.48249816894531,46.70000076293945,44.403831481933594,243204000
2018-11-15,47.09749984741211,47.99250030517578,46.724998474121094,47.852500915527344,45.499664306640625,185915200
2018-11-16,47.625,48.74250030517578,47.3650016784668,48.38249969482422,46.00358581542969,147713200
2018-11-19,47.5,47.67499923706055,46.247501373291016,46.46500015258789,44.180381774902344,167701200
2018-11-20,44.592498779296875,45.36750030517578,43.877498626708984,44.244998931884766,42.06953430175781,271300800
2018-11-21,44.932498931884766,45.067501068115234,44.13750076293945,44.19499969482422,42.02198791503906,124496800
2018-11-23,43.73500061035156,44.150001525878906,43.025001525878906,43.0724983215332,40.95467758178711,94496000
2018-11-26,43.560001373291016,43.73749923706055,42.564998626708984,43.654998779296875,41.508544921875,179994000
2018-11-27,42.877498626708984,43.692501068115234,42.720001220703125,43.560001373291016,41.418209075927734,165549600
2018-11-28,44.182498931884766,45.3224983215332,43.73249816894531,45.23500061035156,43.01085662841797,184250000
2018-11-29,45.665000915527344,45.70000076293945,44.42499923706055,44.88750076293945,42.68044662475586,167080000
2018-11-30,45.0724983215332,45.08250045776367,44.25749969482422,44.64500045776367,42.449859619140625,158126000
2018-12-03,46.1150016784668,46.23500061035156,45.3025016784668,46.20500183105469,43.933162689208984,163210000
2018-12-04,45.23749923706055,45.59749984741211,44.067501068115234,44.17250061035156,42.00059127807617,165377200
2018-12-06,42.939998626708984,43.69499969482422,42.60499954223633,43.68000030517578,41.53230667114258,172393600
2018-12-07,43.372501373291016,43.622501373291016,42.07500076293945,42.122501373291016,40.0514030456543,169126400
2018-12-10,41.25,42.522499084472656,40.83250045776367,42.400001525878906,40.315242767333984,248104000
2018-12-11,42.915000915527344,42.9474983215332,41.75,42.157501220703125,40.08466720581055,189126800
2018-12-12,42.599998474121094,42.97999954223633,42.255001068115234,42.275001525878906,40.196388244628906,142510800
2018-12-13,42.622501373291016,43.14250183105469,42.38750076293945,42.73749923706055,40.636146545410156,127594400
2018-12-14,42.25,42.27000045776367,41.31999969482422,41.369998931884766,39.33588790893555,162814800
2018-12-17,41.36249923706055,42.087501525878906,40.682498931884766,40.98500061035156,38.96982192993164,177151600
2018-12-18,41.345001220703125,41.88249969482422,41.09749984741211,41.51750183105469,39.47613525390625,135366000
2018-12-19,41.5,41.86249923706055,39.772499084472656,40.22249984741211,38.24481201171875,196189200
2018-12-20,40.099998474121094,40.52750015258789,38.82500076293945,39.20750045776367,37.27972412109375,259092000
2018-12-21,39.21500015258789,39.540000915527344,37.407501220703125,37.682498931884766,35.82970428466797,382978400
2018-12-24,37.037498474121094,37.88750076293945,36.647499084472656,36.70750045776367,34.902645111083984,148676800
2018-12-26,37.07500076293945,39.307498931884766,36.68000030517578,39.29249954223633,37.36054229736328,234330000
2018-12-27,38.959999084472656,39.192501068115234,37.51750183105469,39.037498474121094,37.11807632446289,212468400
2018-12-28,39.375,39.630001068115234,38.63750076293945,39.057498931884766,37.137088775634766,169165600
2018-12-31,39.63249969482422,39.84000015258789,39.119998931884766,39.435001373291016,37.49602508544922,140014000
2019-01-02,38.72249984741211,39.712501525878906,38.557498931884766,39.47999954223633,37.538814544677734,148158800
2019-01-03,35.994998931884766,36.43000030517578,35.5,35.54750061035156,33.799686431884766,365248800
2019-01-04,36.13249969482422,37.13750076293945,35.95000076293945,37.064998626708984,35.2425651550293,234428400
2019-01-07,37.17499923706055,37.20750045776367,36.474998474121094,36.98249816894531,35.16411209106445,219111200
2019-01-08,37.38999938964844,37.95500183105469,37.130001068115234,37.6875,35.8344612121582,164101200
2019-01-09,37.8224983215332,38.63249969482422,37.407501220703125,38.32749938964844,36.44297790527344,180396400
2019-01-10,38.125,38.49250030517578,37.71500015258789,38.45000076293945,36.5594596862793,143122800
2019-01-11,38.220001220703125,38.42499923706055,37.877498626708984,38.0724983215332,36.20051956176758,108092800
2019-01-14,37.712501525878906,37.817501068115234,37.30500030517578,37.5,35.65616989135742,129756800
2019-01-15,37.567501068115234,38.34749984741211,37.51250076293945,38.26750183105469,36.385948181152344,114843600
2019-01-16,38.27000045776367,38.970001220703125,38.25,38.73500061035156,36.83045196533203,122278800
2019-01-17,38.54999923706055,39.415000915527344,38.314998626708984,38.96500015258789,37.04914093017578,119284800
2019-01-18,39.375,39.470001220703125,38.994998931884766,39.20500183105469,37.277347564697266,135004000
2019-01-22,39.102500915527344,39.182498931884766,38.154998779296875,38.32500076293945,36.440608978271484,121576000
2019-01-23,38.537498474121094,38.78499984741211,37.92499923706055,38.47999954223633,36.587982177734375,92522400
2019-01-24,38.52750015258789,38.619998931884766,37.935001373291016,38.17499923706055,36.2979850769043,101766000
2019-01-25,38.869998931884766,39.532501220703125,38.58000183105469,39.439998626708984,37.50077819824219,134142000
2019-01-28,38.9474983215332,39.08250045776367,38.415000915527344,39.07500076293945,37.15373229980469,104768400
2019-01-29,39.0625,39.532501220703125,38.52750015258789,38.66999816894531,36.76864242553711,166348800
2019-01-30,40.8125,41.537498474121094,40.057498931884766,41.3125,39.28121566772461,244439200
2019-01-31,41.52750015258789,42.25,41.13999938964844,41.61000061035156,39.5640869140625,162958400
2019-02-01,41.7400016784668,42.244998931884766,41.48249816894531,41.630001068115234,39.583099365234375,130672400
2019-02-04,41.852500915527344,42.915000915527344,41.81999969482422,42.8125,40.70745849609375,125982000
2019-02-05,43.21500015258789,43.77000045776367,43.087501525878906,43.54499816894531,41.40394592285156,144406400
2019-02-06,43.662498474121094,43.89250183105469,43.212501525878906,43.560001373291016,41.418209075927734,112958400
2019-02-07,43.099998474121094,43.48500061035156,42.584999084472656,42.73500061035156,40.63377380371094,126966800
2019-02-08,42.247501373291016,42.665000915527344,42.10499954223633,42.602500915527344,40.681514739990234,95280000
2019-02-11,42.76250076293945,42.8025016784668,42.3125,42.35749816894531,40.447566986083984,83973600
2019-02-12,42.525001525878906,42.75,42.42499923706055,42.72249984741211,40.796112060546875,89134000
2019-02-13,42.84749984741211,43.119998931884766,42.47999954223633,42.54499816894531,40.62661361694336,89960800
2019-02-14,42.4275016784668,42.814998626708984,42.345001220703125,42.70000076293945,40.774620056152344,87342800
2019-02-15,42.8125,42.92499923706055,42.4375,42.60499954223633,40.68390655517578,98507200
2019-02-19,42.4275016784668,42.86000061035156,42.372501373291016,42.73249816894531,40.805660247802734,75891200
2019-02-20,42.79750061035156,43.33000183105469,42.747501373291016,43.00749969482422,41.06825637817383,104457600
2019-02-21,42.95000076293945,43.092498779296875,42.57500076293945,42.76499938964844,40.83668899536133,68998800
2019-02-22,42.89500045776367,43.25,42.845001220703125,43.24250030517578,41.29265213012695,75652800
2019-02-25,43.540000915527344,43.967498779296875,43.48749923706055,43.557498931884766,41.59345626831055,87493600
2019-02-26,43.4275016784668,43.82500076293945,43.29249954223633,43.58250045776367,41.61732482910156,68280800
2019-02-27,43.3025016784668,43.75,43.182498931884766,43.717498779296875,41.74625015258789,111341600
2019-02-28,43.58000183105469,43.727500915527344,43.22999954223633,43.287498474121094,41.335628509521484,112861600
2019-03-01,43.56999969482422,43.787498474121094,43.22249984741211,43.74250030517578,41.77012252807617,103544800
2019-03-04,43.92250061035156,44.4375,43.49250030517578,43.962501525878906,41.98019027709961,109744800
2019-03-05,43.98500061035156,44.0,43.6349983215332,43.88249969482422,41.90380096435547,78949600
2019-03-06,43.66749954223633,43.872501373291016,43.48500061035156,43.630001068115234,41.662696838378906,83241600
2019-03-07,43.467498779296875,43.61000061035156,43.005001068115234,43.125,41.180458068847656,99185600
2019-03-08,42.58000183105469,43.26750183105469,42.375,43.227500915527344,41.278343200683594,95997600
2019-03-11,43.872501373291016,44.779998779296875,43.837501525878906,44.724998474121094,42.70830154418945,128044000
2019-03-12,45.0,45.66749954223633,44.842498779296875,45.227500915527344,43.18815994262695,129870400
2019-03-13,45.5625,45.82500076293945,45.22999954223633,45.4275016784668,43.37913513183594,124130000
2019-03-14,45.974998474121094,46.025001525878906,45.63999938964844,45.932498931884766,43.86137008666992,94318000
2019-03-15,46.212501525878906,46.83250045776367,45.935001373291016,46.529998779296875,44.43193435668945,156171600
2019-03-18,46.45000076293945,47.09749984741211,46.4474983215332,47.005001068115234,44.88550567626953,104879200
2019-03-19,47.087501525878906,47.247501373291016,46.47999954223633,46.63249969482422,44.529808044433594,126585600
2019-03-20,46.557498931884766,47.372501373291016,46.182498931884766,47.040000915527344,44.9189338684082,124140800
2019-03-21,47.505001068115234,49.08250045776367,47.45249938964844,48.772499084472656,46.573307037353516,204136800
2019-03-22,48.834999084472656,49.42250061035156,47.69499969482422,47.76250076293945,45.60885238647461,169630800
2019-03-25,47.877498626708984,47.994998931884766,46.650001525878906,47.185001373291016,45.05739212036133,175381200
2019-03-26,47.915000915527344,48.220001220703125,46.14500045776367,46.6974983215332,44.59187698364258,199202000
2019-03-27,47.1875,47.439998626708984,46.63750076293945,47.11750030517578,44.992942810058594,119393600
2019-03-28,47.23749923706055,47.38999938964844,46.88249969482422,47.18000030517578,45.05261993408203,83121600
2019-03-29,47.45750045776367,47.52000045776367,47.1349983215332,47.48749923706055,45.34624099731445,94256000
2019-04-01,47.90999984741211,47.91999816894531,47.095001220703125,47.810001373291016,45.65421676635742,111448000
2019-04-02,47.772499084472656,48.6150016784668,47.76250076293945,48.505001068115234,46.317867279052734,91062800
2019-04-03,48.3125,49.125,48.287498474121094,48.837501525878906,46.635379791259766,93087200
2019-04-04,48.6974983215332,49.092498779296875,48.28499984741211,48.92250061035156,46.716552734375,76457200
2019-04-05,49.11249923706055,49.275001525878906,48.98249816894531,49.25,47.0292854309082,74106400
2019-04-08,49.10499954223633,50.057498931884766,49.084999084472656,50.025001525878906,47.76934051513672,103526800
2019-04-09,50.08000183105469,50.712501525878906,49.807498931884766,49.875,47.626094818115234,143072800
2019-04-10,49.66999816894531,50.185001373291016,49.54499816894531,50.154998779296875,47.89347839355469,86781200
2019-04-11,50.212501525878906,50.25,49.61000061035156,49.73749923706055,47.49479675292969,83603200
2019-04-12,49.79999923706055,50.03499984741211,49.0525016784668,49.717498779296875,47.47569274902344,111042800
2019-04-15,49.64500045776367,49.962501525878906,49.502498626708984,49.807498931884766,47.561641693115234,70146400
2019-04-16,49.8650016784668,50.342498779296875,49.63999938964844,49.8125,47.566410064697266,102785600
2019-04-17,49.8849983215332,50.845001220703125,49.65250015258789,50.782501220703125,48.49267578125,115627200
2019-04-18,50.779998779296875,51.037498474121094,50.630001068115234,50.96500015258789,48.66695022583008,96783200
2019-04-22,50.70750045776367,51.23500061035156,50.584999084472656,51.13249969482422,48.82688522338867,77758000
2019-04-23,51.10749816894531,51.9375,50.974998474121094,51.869998931884766,49.531131744384766,93292000
2019-04-24,51.84000015258789,52.119998931884766,51.76250076293945,51.790000915527344,49.454742431640625,70162400
2019-04-25,51.70750045776367,51.939998626708984,51.279998779296875,51.31999969482422,49.00593948364258,74172800
2019-04-26,51.224998474121094,51.25,50.529998779296875,51.07500076293945,48.77198791503906,74596400
2019-04-29,51.099998474121094,51.49250030517578,50.96500015258789,51.15250015258789,48.845985412597656,88818800
2019-04-30,50.76499938964844,50.849998474121094,49.77750015258789,50.16749954223633,47.90540313720703,186139600
2019-05-01,52.470001220703125,53.82749938964844,52.307498931884766,52.630001068115234,50.25687789916992,259309200
2019-05-02,52.459999084472656,53.162498474121094,52.032501220703125,52.287498474121094,49.929813385009766,127985200
2019-05-03,52.72249984741211,52.959999084472656,52.557498931884766,52.9375,50.55050277709961,83569600
2019-05-06,51.0724983215332,52.209999084472656,50.875,52.119998931884766,49.76985549926758,129772400
2019-05-07,51.470001220703125,51.85499954223633,50.20750045776367,50.71500015258789,48.42823028564453,155054800
2019-05-08,50.474998474121094,51.334999084472656,50.4375,50.724998474121094,48.4377555847168,105358000
2019-05-09,50.099998474121094,50.41999816894531,49.165000915527344,50.18000030517578,47.91734313964844,139634400
2019-05-10,49.35499954223633,49.712501525878906,48.192501068115234,49.29499816894531,47.253517150878906,164834800
2019-05-13,46.9275016784668,47.369998931884766,45.712501525878906,46.43000030517578,44.50716781616211,229722400
2019-05-14,46.602500915527344,47.42499923706055,46.352500915527344,47.165000915527344,45.211727142333984,146118800
2019-05-15,46.567501068115234,47.9375,46.505001068115234,47.72999954223633,45.753334045410156,106178800
2019-05-16,47.477500915527344,48.11750030517578,47.209999084472656,47.52000045776367,45.55203628540039,132125600
2019-05-17,46.73249816894531,47.724998474121094,46.689998626708984,47.25,45.29320526123047,131516400
2019-05-20,45.880001068115234,46.087501525878906,45.06999969482422,45.772499084472656,43.87689971923828,154449200
2019-05-21,46.30500030517578,47.0,46.17499923706055,46.650001525878906,44.71806716918945,113459200
2019-05-22,46.165000915527344,46.4275016784668,45.63750076293945,45.69499969482422,43.802608489990234,118994400
2019-05-23,44.95000076293945,45.1349983215332,44.45249938964844,44.915000915527344,43.05491638183594,146118800
2019-05-24,45.04999923706055,45.53499984741211,44.654998779296875,44.74250030517578,42.88955307006836,94858800
2019-05-28,44.72999954223633,45.147499084472656,44.477500915527344,44.557498931884766,42.71221923828125,111792800
2019-05-29,44.10499954223633,44.837501525878906,44.0,44.345001220703125,42.508514404296875,113924800
2019-05-30,44.48749923706055,44.807498931884766,44.16749954223633,44.57500076293945,42.729007720947266,84873600
2019-05-31,44.057498931884766,44.497501373291016,43.747501373291016,43.76750183105469,41.9549446105957,108174400
2019-06-03,43.900001525878906,44.47999954223633,42.567501068115234,43.32500076293945,41.53076934814453,161584400
2019-06-04,43.86000061035156,44.95750045776367,43.630001068115234,44.90999984741211,43.05011749267578,123872000
2019-06-05,46.06999969482422,46.247501373291016,45.28499984741211,45.6349983215332,43.74509048461914,119093600
2019-06-06,45.77000045776367,46.36750030517578,45.537498474121094,46.30500030517578,44.38734436035156,90105200
2019-06-07,46.627498626708984,47.97999954223633,46.442501068115234,47.537498474121094,45.568817138671875,122737600
2019-06-10,47.95249938964844,48.842498779296875,47.904998779296875,48.14500045776367,46.151145935058594,104883600
2019-06-11,48.71500015258789,49.0,48.400001525878906,48.70249938964844,46.685577392578125,107731600
2019-06-12,48.48749923706055,48.99250030517578,48.34749984741211,48.54750061035156,46.5369873046875,73012800
2019-06-13,48.67499923706055,49.1974983215332,48.400001525878906,48.537498474121094,46.52739334106445,86698400
2019-06-14,47.88750076293945,48.397499084472656,47.57500076293945,48.185001373291016,46.18949890136719,75046000
2019-06-17,48.224998474121094,48.7400016784668,48.04249954223633,48.47249984741211,46.46508026123047,58676400
2019-06-18,49.01250076293945,50.0724983215332,48.8025016784668,49.61249923706055,47.55787658691406,106204000
2019-06-19,49.91999816894531,49.970001220703125,49.32749938964844,49.467498779296875,47.41888427734375,84496800
2019-06-20,50.092498779296875,50.15250015258789,49.50749969482422,49.8650016784668,47.7999267578125,86056000
2019-06-21,49.70000076293945,50.212501525878906,49.537498474121094,49.69499969482422,47.63695526123047,191202400
2019-06-24,49.6349983215332,50.040000915527344,49.54249954223633,49.64500045776367,47.589027404785156,72881600
2019-06-25,49.60749816894531,49.814998626708984,48.8224983215332,48.89250183105469,46.86769485473633,84281200
2019-06-26,49.442501068115234,50.247501373291016,49.337501525878906,49.95000076293945,47.88138961791992,104270000
2019-06-27,50.0724983215332,50.39250183105469,49.89250183105469,49.935001373291016,47.86702346801758,83598800
2019-06-28,49.66999816894531,49.875,49.26250076293945,49.47999954223633,47.43086242675781,124442400
2019-07-01,50.79249954223633,51.122501373291016,50.162498474121094,50.38750076293945,48.300785064697266,109012000
2019-07-02,50.352500915527344,50.782501220703125,50.34000015258789,50.682498931884766,48.58356475830078,67740800
2019-07-03,50.81999969482422,51.11000061035156,50.67250061035156,51.102500915527344,48.986167907714844,45448000
2019-07-05,50.837501525878906,51.27000045776367,50.724998474121094,51.057498931884766,48.943031311035156,69062000
2019-07-08,50.20249938964844,50.349998474121094,49.602500915527344,50.005001068115234,47.934120178222656,101354400
2019-07-09,49.79999923706055,50.377498626708984,49.70249938964844,50.310001373291016,48.226478576660156,82312000
2019-07-10,50.462501525878906,50.932498931884766,50.38999938964844,50.807498931884766,48.70338821411133,71588400
2019-07-11,50.82749938964844,51.09749984741211,50.4275016784668,50.4375,48.34870529174805,80767200
2019-07-12,50.61249923706055,51.0,50.54999923706055,50.82500076293945,48.72016906738281,70380800
2019-07-15,51.022499084472656,51.467498779296875,51.0,51.3025016784668,49.177879333496094,67789600
2019-07-16,51.147499084472656,51.52750015258789,50.875,51.125,49.00774002075195,67467200
2019-07-17,51.01250076293945,51.272499084472656,50.817501068115234,50.837501525878906,48.732147216796875,56430000
2019-07-18,51.0,51.470001220703125,50.92499923706055,51.415000915527344,49.28571319580078,74162400
2019-07-19,51.4474983215332,51.625,50.59000015258789,50.647499084472656,48.55001449584961,83717200
2019-07-22,50.912498474121094,51.807498931884766,50.90250015258789,51.80500030517578,49.65958023071289,89111600
2019-07-23,52.1150016784668,52.227500915527344,51.8224983215332,52.209999084472656,50.04779815673828,73420800
2019-07-24,51.91749954223633,52.287498474121094,51.79249954223633,52.16749954223633,50.00705337524414,59966400
2019-07-25,52.22249984741211,52.310001373291016,51.682498931884766,51.755001068115234,49.61165237426758,55638400
2019-07-26,51.869998931884766,52.432498931884766,51.78499984741211,51.935001373291016,49.78419494628906,70475600
2019-07-29,52.1150016784668,52.65999984741211,52.11000061035156,52.41999816894531,50.24911117553711,86693600
2019-07-30,52.189998626708984,52.540000915527344,51.82749938964844,52.19499969482422,50.03342819213867,135742800
2019-07-31,54.10499954223633,55.342498779296875,52.82500076293945,53.2599983215332,51.0543212890625,277125600
2019-08-01,53.474998474121094,54.50749969482422,51.685001373291016,52.10749816894531,49.94955062866211,216071600
2019-08-02,51.38249969482422,51.60749816894531,50.407501220703125,51.005001068115234,48.892704010009766,163448400
2019-08-05,49.497501373291016,49.662498474121094,48.14500045776367,48.334999084472656,46.33327865600586,209572000
2019-08-06,49.07749938964844,49.51750183105469,48.5099983215332,49.25,47.21039581298828,143299200
2019-08-07,48.852500915527344,49.88999938964844,48.45500183105469,49.7599983215332,47.69927215576172,133457600
2019-08-08,50.04999923706055,50.88249969482422,49.84749984741211,50.85749816894531,48.75131607055664,108038000
2019-08-09,50.32500076293945,50.689998626708984,49.8224983215332,50.247501373291016,48.34958267211914,98478800
2019-08-12,49.904998779296875,50.51250076293945,49.787498474121094,50.119998931884766,48.22689437866211,89927600
2019-08-13,50.255001068115234,53.03499984741211,50.119998931884766,52.24250030517578,50.26923370361328,188874000
2019-08-14,50.790000915527344,51.61000061035156,50.647499084472656,50.6875,48.772972106933594,146189600
2019-08-15,50.8650016784668,51.28499984741211,49.91749954223633,50.435001373291016,48.529998779296875,108909600
2019-08-16,51.06999969482422,51.790000915527344,50.959999084472656,51.625,49.67505645751953,110481600
2019-08-19,52.654998779296875,53.182498931884766,52.50749969482422,52.587501525878906,50.601200103759766,97654400
2019-08-20,52.720001220703125,53.337501525878906,52.58000183105469,52.59000015258789,50.60360336303711,107537200
2019-08-21,53.247501373291016,53.412498474121094,52.900001525878906,53.15999984741211,51.152076721191406,86141600
2019-08-22,53.29750061035156,53.61000061035156,52.6875,53.1150016784668,51.108787536621094,89014800
2019-08-23,52.35749816894531,53.01250076293945,50.25,50.65999984741211,48.74650192260742,187272000
2019-08-26,51.46500015258789,51.79750061035156,51.26499938964844,51.622501373291016,49.67265701293945,104174400
2019-08-27,51.96500015258789,52.13750076293945,50.88249969482422,51.040000915527344,49.11215591430664,103493200
2019-08-28,51.025001525878906,51.43000030517578,50.83000183105469,51.38249969482422,49.44171905517578,63755200
2019-08-29,52.125,52.33000183105469,51.665000915527344,52.252498626708984,50.27885818481445,83962000
2019-08-30,52.540000915527344,52.61249923706055,51.79999923706055,52.185001373291016,50.21391296386719,84573600
2019-09-03,51.60749816894531,51.744998931884766,51.05500030517578,51.42499923706055,49.482608795166016,80092000
2019-09-04,52.09749984741211,52.369998931884766,51.83000183105469,52.29750061035156,50.3221549987793,76752400
2019-09-05,53.0,53.49250030517578,52.877498626708984,53.31999969482422,51.306026458740234,95654800
2019-09-06,53.51250076293945,53.60499954223633,53.127498626708984,53.314998626708984,51.30120849609375,77449200
2019-09-09,53.709999084472656,54.11000061035156,52.76750183105469,53.54249954223633,51.52012634277344,109237600
2019-09-10,53.46500015258789,54.19499969482422,52.9275016784668,54.17499923706055,52.128726959228516,127111600
2019-09-11,54.51750183105469,55.9275016784668,54.432498931884766,55.897499084472656,53.78617477416992,177158400
2019-09-12,56.20000076293945,56.60499954223633,55.71500015258789,55.772499084472656,53.66591262817383,128906800
2019-09-13,55.0,55.1974983215332,54.255001068115234,54.6875,52.621883392333984,159053200
2019-09-16,54.432498931884766,55.032501220703125,54.38999938964844,54.974998474121094,52.89852523803711,84632400
2019-09-17,54.9900016784668,55.20500183105469,54.779998779296875,55.17499923706055,53.09097671508789,73274800
2019-09-18,55.26499938964844,55.712501525878906,54.86000061035156,55.692501068115234,53.58891677856445,101360000
2019-09-19,55.502498626708984,55.939998626708984,55.092498779296875,55.2400016784668,53.15351104736328,88242400
2019-09-20,55.345001220703125,55.63999938964844,54.36750030517578,54.432498931884766,52.37651443481445,221652400
2019-09-23,54.73749923706055,54.959999084472656,54.412498474121094,54.68000030517578,52.614654541015625,76662000
2019-09-24,55.25749969482422,55.622501373291016,54.29750061035156,54.41999816894531,52.36448287963867,124763200
2019-09-25,54.63750076293945,55.375,54.28499984741211,55.25749969482422,53.170345306396484,87613600
2019-09-26,55.0,55.23500061035156,54.70750045776367,54.97249984741211,52.8961181640625,75334000
2019-09-27,55.1349983215332,55.2400016784668,54.31999969482422,54.70500183105469,52.63871765136719,101408000
2019-09-30,55.224998474121094,56.14500045776367,55.1974983215332,55.99250030517578,53.877586364746094,103909600
2019-10-01,56.26750183105469,57.05500030517578,56.04999923706055,56.147499084472656,54.0267219543457,139223200
2019-10-02,55.76499938964844,55.89500045776367,54.48249816894531,54.7400016784668,52.67240524291992,138449200
2019-10-03,54.60749816894531,55.2400016784668,53.782501220703125,55.20500183105469,53.119834899902344,114426000
2019-10-04,56.40999984741211,56.872501373291016,55.97249984741211,56.752498626708984,54.60888671875,138478800
2019-10-07,56.567501068115234,57.48249816894531,56.459999084472656,56.76499938964844,54.62091064453125,122306000
2019-10-08,56.45500183105469,57.01499938964844,56.08250045776367,56.099998474121094,53.981021881103516,111820000
2019-10-09,56.75749969482422,56.9474983215332,56.40999984741211,56.75749969482422,54.613704681396484,74770400
2019-10-10,56.98249816894531,57.61000061035156,56.82500076293945,57.522499084472656,55.34979248046875,113013600
2019-10-11,58.23749923706055,59.40999984741211,58.07749938964844,59.0525016784668,56.8220100402832,166795600
2019-10-14,58.724998474121094,59.532501220703125,58.66749954223633,58.967498779296875,56.74021530151367,96427600
2019-10-15,59.09749984741211,59.412498474121094,58.720001220703125,58.83000183105469,56.607913970947266,87360000
2019-10-16,58.342498779296875,58.810001373291016,58.29999923706055,58.592498779296875,56.37937927246094,73903200
2019-10-17,58.772499084472656,59.037498474121094,58.380001068115234,58.81999969482422,56.598289489746094,67585200
2019-10-18,58.647499084472656,59.39500045776367,58.5724983215332,59.102500915527344,56.8701171875,97433600
2019-10-21,59.380001068115234,60.247501373291016,59.33000183105469,60.127498626708984,57.85640335083008,87247200
2019-10-22,60.290000915527344,60.54999923706055,59.904998779296875,59.9900016784668,57.72409439086914,82293600
2019-10-23,60.525001525878906,60.810001373291016,60.30500030517578,60.79499816894531,58.498695373535156,75828800
2019-10-24,61.127498626708984,61.20000076293945,60.45249938964844,60.89500045776367,58.59492111206055,69275200
2019-10-25,60.790000915527344,61.682498931884766,60.720001220703125,61.64500045776367,59.316585540771484,73477200
2019-10-28,61.85499954223633,62.3125,61.68000030517578,62.26250076293945,59.9107551574707,96572800
2019-10-29,62.24250030517578,62.4375,60.64250183105469,60.8224983215332,58.525150299072266,142839600
2019-10-30,61.189998626708984,61.32500076293945,60.3025016784668,60.814998626708984,58.5179328918457,124522000
2019-10-31,61.810001373291016,62.29249954223633,59.314998626708984,62.189998626708984,59.84100341796875,139162000
2019-11-01,62.3849983215332,63.98249816894531,62.290000915527344,63.95500183105469,61.539337158203125,151125200
2019-11-04,64.3324966430664,64.4625015258789,63.845001220703125,64.375,61.94346237182617,103272000
2019-11-05,64.26249694824219,64.54750061035156,64.08000183105469,64.28250122070312,61.854469299316406,79897600
2019-11-06,64.19249725341797,64.37249755859375,63.842498779296875,64.30999755859375,61.88092803955078,75864400
2019-11-07,64.68499755859375,65.0875015258789,64.52749633789062,64.85749816894531,62.59511184692383,94940400
2019-11-08,64.67250061035156,65.11000061035156,64.2125015258789,65.03500366210938,62.76642608642578,69986400
2019-11-11,64.57499694824219,65.61750030517578,64.56999969482422,65.55000305175781,63.26346206665039,81821200
2019-11-12,65.38749694824219,65.69750213623047,65.2300033569336,65.48999786376953,63.2055549621582,87388800
2019-11-13,65.28250122070312,66.19499969482422,65.26750183105469,66.11750030517578,63.8111457824707,102734400
2019-11-14,65.9375,66.22000122070312,65.5250015258789,65.66000366210938,63.36961364746094,89182800
2019-11-15,65.91999816894531,66.44499969482422,65.75250244140625,66.44000244140625,64.12242126464844,100206400
2019-11-18,66.44999694824219,66.85749816894531,66.05750274658203,66.7750015258789,64.44572448730469,86703200
2019-11-19,66.9749984741211,67.0,66.34750366210938,66.57250213623047,64.25028228759766,76167200
2019-11-20,66.38500213623047,66.5199966430664,65.0999984741211,65.79750061035156,63.5023078918457,106234400
2019-11-21,65.92250061035156,66.00250244140625,65.29499816894531,65.50250244140625,63.21760177612305,121395200
2019-11-22,65.64749908447266,65.79499816894531,65.20999908447266,65.44499969482422,63.162105560302734,65325200
2019-11-25,65.67749786376953,66.61000061035156,65.62999725341797,66.59249877929688,64.26959228515625,84020400
2019-11-26,66.73500061035156,66.79000091552734,65.625,66.07250213623047,63.767738342285156,105207600
2019-11-27,66.3949966430664,66.99500274658203,66.32749938964844,66.95999908447266,64.62429809570312,65235600
2019-11-29,66.6500015258789,67.0,66.4749984741211,66.8125,64.48190307617188,46617600
2019-12-02,66.81749725341797,67.0625,65.86250305175781,66.04000091552734,63.73634719848633,94487200
2019-12-03,64.57749938964844,64.88249969482422,64.07250213623047,64.86250305175781,62.599945068359375,114430400
2019-12-04,65.26750183105469,65.82749938964844,65.16999816894531,65.43499755859375,63.1524658203125,67181600
2019-12-05,65.94750213623047,66.47250366210938,65.68250274658203,66.3949966430664,64.0789566040039,74424400
2019-12-06,66.87000274658203,67.75,66.82499694824219,67.67749786376953,65.3167495727539,106075600
2019-12-09,67.5,67.69999694824219,66.22750091552734,66.7300033569336,64.40231323242188,128042400
2019-12-10,67.1500015258789,67.51750183105469,66.46499633789062,67.12000274658203,64.77867126464844,90420400
2019-12-11,67.20249938964844,67.7750015258789,67.125,67.69249725341797,65.33120727539062,78756800
2019-12-12,66.94499969482422,68.13999938964844,66.83000183105469,67.86499786376953,65.49771118164062,137310400
2019-12-13,67.86499786376953,68.82499694824219,67.73249816894531,68.7874984741211,66.38802337646484,133587600
2019-12-16,69.25,70.19750213623047,69.24500274658203,69.96499633789062,67.52442932128906,128186000
2019-12-17,69.89250183105469,70.44249725341797,69.69999694824219,70.10250091552734,67.65716552734375,114158400
2019-12-18,69.94999694824219,70.4749984741211,69.77999877929688,69.93499755859375,67.4954833984375,116028400
2019-12-19,69.875,70.29499816894531,69.73750305175781,70.00499725341797,67.56307983398438,98369200
2019-12-20,70.55750274658203,70.6624984741211,69.63999938964844,69.86000061035156,67.423095703125,275978000
2019-12-23,70.13249969482422,71.0625,70.09249877929688,71.0,68.5233383178711,98572000
2019-12-24,71.17250061035156,71.22250366210938,70.7300033569336,71.06749725341797,68.58849334716797,48478800
2019-12-26,71.20500183105469,72.49500274658203,71.17500305175781,72.47750091552734,69.94932556152344,93121200
2019-12-27,72.77999877929688,73.49250030517578,72.02999877929688,72.44999694824219,69.92277526855469,146266000
2019-12-30,72.36499786376953,73.17250061035156,71.30500030517578,72.87999725341797,70.3377685546875,144114400
2019-12-31,72.48249816894531,73.41999816894531,72.37999725341797,73.4124984741211,70.85166931152344,100805600
2020-01-02,74.05999755859375,75.1500015258789,73.79750061035156,75.0875015258789,72.46824645996094,135480400
2020-01-03,74.2874984741211,75.1449966430664,74.125,74.35749816894531,71.76374816894531,146322800
2020-01-06,73.44750213623047,74.98999786376953,73.1875,74.94999694824219,72.33556365966797,118387200
2020-01-07,74.95999908447266,75.2249984741211,74.37000274658203,74.59750366210938,71.995361328125,108872000
2020-01-08,74.29000091552734,76.11000061035156,74.29000091552734,75.79750061035156,73.15348052978516,132079200
2020-01-09,76.80999755859375,77.60749816894531,76.55000305175781,77.40750122070312,74.70733642578125,170108400
2020-01-10,77.6500015258789,78.1675033569336,77.0625,77.5824966430664,74.87625885009766,140644800
2020-01-13,77.91000366210938,79.26750183105469,77.7874984741211,79.23999786376953,76.47589874267578,121532000
2020-01-14,79.17500305175781,79.39250183105469,78.0425033569336,78.16999816894531,75.44322204589844,161954400
2020-01-15,77.9625015258789,78.875,77.38749694824219,77.83499908447266,75.11991882324219,121923600
2020-01-16,78.39749908447266,78.92500305175781,78.02249908447266,78.80999755859375,76.06089782714844,108829200
2020-01-17,79.06749725341797,79.68499755859375,78.75,79.68250274658203,76.90299224853516,137816400
2020-01-21,79.29750061035156,79.75499725341797,79.0,79.14250183105469,76.38182067871094,110843200
2020-01-22,79.6449966430664,79.99749755859375,79.32749938964844,79.42500305175781,76.65446472167969,101832400
2020-01-23,79.4800033569336,79.88999938964844,78.9124984741211,79.80750274658203,77.02361297607422,104472000
2020-01-24,80.0625,80.8324966430664,79.37999725341797,79.57749938964844,76.80164337158203,146537600
2020-01-27,77.51499938964844,77.94249725341797,76.22000122070312,77.23750305175781,74.54326629638672,161940000
2020-01-28,78.1500015258789,79.5999984741211,78.04750061035156,79.42250061035156,76.65204620361328,162234000
2020-01-29,81.11250305175781,81.9625015258789,80.34500122070312,81.08499908447266,78.25656127929688,216229200
2020-01-30,80.13500213623047,81.02249908447266,79.6875,80.96749877929688,78.1431655883789,126743200
2020-01-31,80.23249816894531,80.66999816894531,77.07250213623047,77.37750244140625,74.67839050292969,199588400
2020-02-03,76.07499694824219,78.37249755859375,75.55500030517578,77.16500091552734,74.47328186035156,173788400
2020-02-04,78.82749938964844,79.91000366210938,78.40750122070312,79.7125015258789,76.93193054199219,136616400
2020-02-05,80.87999725341797,81.19000244140625,79.73750305175781,80.36250305175781,77.55926513671875,118826800
2020-02-06,80.64250183105469,81.30500030517578,80.06500244140625,81.30249786376953,78.4664535522461,105425600
2020-02-07,80.59249877929688,80.8499984741211,79.5,80.00749969482422,77.3998794555664,117684000
2020-02-10,78.54499816894531,80.38749694824219,78.4625015258789,80.38749694824219,77.76751708984375,109348800
2020-02-11,80.9000015258789,80.9749984741211,79.67749786376953,79.90249633789062,77.29830932617188,94323200
2020-02-12,80.36750030517578,81.80500030517578,80.36750030517578,81.80000305175781,79.13397979736328,113730400
2020-02-13,81.04750061035156,81.55500030517578,80.8375015258789,81.21749877929688,78.57044982910156,94747600
2020-02-14,81.18499755859375,81.49500274658203,80.7125015258789,81.23750305175781,78.58981323242188,80113600
2020-02-18,78.83999633789062,79.9375,78.65249633789062,79.75,77.15081024169922,152531200
2020-02-19,80.0,81.14250183105469,80.0,80.90499877929688,78.26815795898438,93984000
2020-02-20,80.65750122070312,81.1624984741211,79.55249786376953,80.07499694824219,77.46520233154297,100566000
2020-02-21,79.65499877929688,80.11250305175781,77.625,78.26249694824219,75.71176147460938,129554000
2020-02-24,74.31500244140625,76.04499816894531,72.30750274658203,74.54499816894531,72.11541748046875,222195200
2020-02-25,75.23750305175781,75.63249969482422,71.53250122070312,72.0199966430664,69.67271423339844,230673600
2020-02-26,71.63249969482422,74.47000122070312,71.625,73.1624984741211,70.7779769897461,198054800
2020-02-27,70.2750015258789,71.5,68.23999786376953,68.37999725341797,66.15135192871094,320605600
2020-02-28,64.31500244140625,69.60250091552734,64.09249877929688,68.33999633789062,66.1126480102539,426510000
2020-03-02,70.56999969482422,75.36000061035156,69.43000030517578,74.70249938964844,72.2677993774414,341397200
2020-03-03,75.9175033569336,76.0,71.44999694824219,72.33000183105469,69.9726333618164,319475600
2020-03-04,74.11000061035156,75.8499984741211,73.28250122070312,75.68499755859375,73.2182846069336,219178400
2020-03-05,73.87999725341797,74.88749694824219,72.85250091552734,73.2300033569336,70.84329986572266,187572800
2020-03-06,70.5,72.70500183105469,70.30750274658203,72.25749969482422,69.90250396728516,226176800
2020-03-09,65.9375,69.52249908447266,65.75,66.5425033569336,64.37372589111328,286744800
2020-03-10,69.28500366210938,71.61000061035156,67.34249877929688,71.33499908447266,69.01004791259766,285290000
2020-03-11,69.34750366210938,70.30500030517578,67.96499633789062,68.85749816894531,66.61329650878906,255598800
2020-03-12,63.98500061035156,67.5,62.0,62.057498931884766,60.03492736816406,418474000
2020-03-13,66.22250366210938,69.9800033569336,63.23749923706055,69.49250030517578,67.22760772705078,370732000
2020-03-16,60.48749923706055,64.7699966430664,60.0,60.5525016784668,58.5789680480957,322423600
2020-03-17,61.877498626708984,64.40249633789062,59.599998474121094,63.21500015258789,61.15469741821289,324056000
2020-03-18,59.942501068115234,62.5,59.279998779296875,61.66749954223633,59.65763473510742,300233600
2020-03-19,61.84749984741211,63.209999084472656,60.65250015258789,61.19499969482422,59.200531005859375,271857200
2020-03-20,61.79499816894531,62.95750045776367,57.0,57.310001373291016,55.44215393066406,401693200
2020-03-23,57.02000045776367,57.125,53.15250015258789,56.092498779296875,54.26432800292969,336752800
2020-03-24,59.09000015258789,61.92250061035156,58.57500076293945,61.720001220703125,59.70842742919922,287531200
2020-03-25,62.6875,64.5625,61.07500076293945,61.380001068115234,59.37950134277344,303602000
2020-03-26,61.630001068115234,64.66999816894531,61.59000015258789,64.61000061035156,62.50423049926758,252087200
2020-03-27,63.1875,63.967498779296875,61.76250076293945,61.935001373291016,59.91642379760742,204216800
2020-03-30,62.685001373291016,63.880001068115234,62.349998474121094,63.70249938964844,61.62630844116211,167976400
2020-03-31,63.900001525878906,65.62249755859375,63.0,63.5724983215332,61.50053787231445,197002000
2020-04-01,61.625,62.18000030517578,59.782501220703125,60.227500915527344,58.26456832885742,176218400
2020-04-02,60.084999084472656,61.287498474121094,59.224998474121094,61.23249816894531,59.236812591552734,165934000
2020-04-03,60.70000076293945,61.42499923706055,59.74250030517578,60.352500915527344,58.385494232177734,129880000
2020-04-06,62.724998474121094,65.77749633789062,62.345001220703125,65.61750030517578,63.47889709472656,201820400
2020-04-07,67.69999694824219,67.92500305175781,64.75,64.85749816894531,62.74366760253906,202887200
2020-04-08,65.68499755859375,66.84249877929688,65.30750274658203,66.51750183105469,64.34957885742188,168895200
2020-04-09,67.17500305175781,67.51750183105469,66.17500305175781,66.99749755859375,64.81391906738281,161834800
2020-04-13,67.07749938964844,68.42500305175781,66.4574966430664,68.3125,66.08604431152344,131022800
2020-04-14,70.0,72.0625,69.51249694824219,71.76249694824219,69.42361450195312,194994800
2020-04-15,70.5999984741211,71.5824966430664,70.15750122070312,71.10749816894531,68.78996276855469,131154400
2020-04-16,71.84500122070312,72.05000305175781,70.5875015258789,71.67250061035156,69.3365478515625,157125200
2020-04-17,71.17250061035156,71.73750305175781,69.21499633789062,70.69999694824219,68.3957290649414,215250000
2020-04-20,69.48750305175781,70.41999816894531,69.2125015258789,69.23249816894531,66.97607421875,130015200
2020-04-21,69.06999969482422,69.3125,66.35749816894531,67.09249877929688,64.90583038330078,180991600
2020-04-22,68.40249633789062,69.4749984741211,68.05000305175781,69.0250015258789,66.77534484863281,116862400
2020-04-23,68.96749877929688,70.4375,68.71749877929688,68.75749969482422,66.51656341552734,124814400
2020-04-24,69.30000305175781,70.75250244140625,69.25,70.74250030517578,68.43685150146484,126161200
2020-04-27,70.44999694824219,71.13500213623047,69.98750305175781,70.7925033569336,68.48522186279297,117087600
2020-04-28,71.2699966430664,71.4574966430664,69.55000305175781,69.6449966430664,67.37511444091797,112004800
2020-04-29,71.18250274658203,72.4175033569336,70.97250366210938,71.93250274658203,69.58808135986328,137280800
2020-04-30,72.48999786376953,73.63249969482422,72.0875015258789,73.44999694824219,71.0561294555664,183064000
2020-05-01,71.5625,74.75,71.4625015258789,72.26750183105469,69.91215515136719,240616800
2020-05-04,72.2925033569336,73.42250061035156,71.58000183105469,73.29000091552734,70.90132904052734,133568000
2020-05-05,73.76499938964844,75.25,73.61499786376953,74.38999938964844,71.96549224853516,147751200
2020-05-06,75.11499786376953,75.80999755859375,74.71749877929688,75.15750122070312,72.70797729492188,142333600
2020-05-07,75.80500030517578,76.2925033569336,75.49250030517578,75.93499755859375,73.46013641357422,115215200
2020-05-08,76.41000366210938,77.5875015258789,76.07250213623047,77.53250122070312,75.20860290527344,133838400
2020-05-11,77.0250015258789,79.26249694824219,76.80999755859375,78.75250244140625,76.39202880859375,145946400
2020-05-12,79.4574966430664,79.92250061035156,77.72750091552734,77.85250091552734,75.51899719238281,162301200
2020-05-13,78.0374984741211,78.98750305175781,75.80249786376953,76.9124984741211,74.60718536376953,200622400
2020-05-14,76.12750244140625,77.44750213623047,75.38249969482422,77.38500213623047,75.0655288696289,158929200
2020-05-15,75.0875015258789,76.9749984741211,75.05249786376953,76.92749786376953,74.6217269897461,166348400
2020-05-18,78.2925033569336,79.125,77.58000183105469,78.73999786376953,76.37992095947266,135178400
2020-05-19,78.75749969482422,79.62999725341797,78.25250244140625,78.28500366210938,75.93853759765625,101729600
2020-05-20,79.16999816894531,79.87999725341797,79.12999725341797,79.80750274658203,77.4154052734375,111504800
2020-05-21,79.66500091552734,80.22250366210938,78.96749877929688,79.2125015258789,76.83824920654297,102688800
2020-05-22,78.94249725341797,79.80750274658203,78.8375015258789,79.72250366210938,77.33296966552734,81803200
2020-05-26,80.875,81.05999755859375,79.125,79.18250274658203,76.80915832519531,125522000
2020-05-27,79.03500366210938,79.67749786376953,78.27249908447266,79.52749633789062,77.14380645751953,112945200
2020-05-28,79.19249725341797,80.86000061035156,78.90750122070312,79.5625,77.1777572631836,133560800
2020-05-29,79.8125,80.2874984741211,79.11750030517578,79.48500061035156,77.10257720947266,153532400
2020-06-01,79.4375,80.5875015258789,79.30249786376953,80.4625015258789,78.0507583618164,80791200
2020-06-02,80.1875,80.86000061035156,79.73249816894531,80.83499908447266,78.41210174560547,87642800
2020-06-03,81.16500091552734,81.55000305175781,80.57499694824219,81.27999877929688,78.84378051757812,104491200
2020-06-04,81.09750366210938,81.40499877929688,80.19499969482422,80.58000183105469,78.16476440429688,87560400
2020-06-05,80.8375015258789,82.9375,80.80750274658203,82.875,80.39097595214844,137250400
2020-06-08,82.5625,83.4000015258789,81.83000183105469,83.36499786376953,80.86628723144531,95654400
2020-06-09,83.03500366210938,86.40249633789062,83.00250244140625,85.99749755859375,83.41986846923828,147712400
2020-06-10,86.9749984741211,88.69249725341797,86.52249908447266,88.20999908447266,85.56605529785156,166651600
2020-06-11,87.32749938964844,87.76499938964844,83.87000274658203,83.9749984741211,81.45800018310547,201662400
2020-06-12,86.18000030517578,86.94999694824219,83.55500030517578,84.69999694824219,82.16126251220703,200146000
2020-06-15,83.3125,86.41999816894531,83.1449966430664,85.74749755859375,83.1773681640625,138808800
2020-06-16,87.86499786376953,88.30000305175781,86.18000030517578,88.0199966430664,85.38175201416016,165428800
2020-06-17,88.7874984741211,88.8499984741211,87.77249908447266,87.89749908447266,85.2629165649414,114406400
2020-06-18,87.85250091552734,88.36250305175781,87.30500030517578,87.93250274658203,85.29689025878906,96820400
2020-06-19,88.66000366210938,89.13999938964844,86.2874984741211,87.43000030517578,84.80944061279297,264476000
2020-06-22,87.83499908447266,89.86499786376953,87.7874984741211,89.71749877929688,87.02837371826172,135445200
2020-06-23,91.0,93.09500122070312,90.56749725341797,91.63249969482422,88.8860092163086,212155600
2020-06-24,91.25,92.19750213623047,89.62999725341797,90.01499938964844,87.31697082519531,192623200
2020-06-25,90.17500305175781,91.25,89.39250183105469,91.20999908447266,88.47613525390625,137522400
2020-06-26,91.10250091552734,91.33000183105469,88.25499725341797,88.40750122070312,85.75762939453125,205256800
2020-06-29,88.3125,90.5425033569336,87.81999969482422,90.44499969482422,87.73407745361328,130646000
2020-06-30,90.0199966430664,91.49500274658203,90.0,91.19999694824219,88.46644592285156,140223200
2020-07-01,91.27999877929688,91.83999633789062,90.97750091552734,91.02749633789062,88.29910278320312,110737200
2020-07-02,91.9625015258789,92.61750030517578,90.91000366210938,91.02749633789062,88.29910278320312,114041600
2020-07-06,92.5,93.94499969482422,92.46749877929688,93.4625015258789,90.66114044189453,118655600
2020-07-07,93.85250091552734,94.65499877929688,93.05750274658203,93.17250061035156,90.37982177734375,112424400
2020-07-08,94.18000030517578,95.375,94.08999633789062,95.34249877929688,92.48477935791016,117092000
2020-07-09,96.26249694824219,96.31749725341797,94.67250061035156,95.75250244140625,92.88249206542969,125642800
2020-07-10,95.33499908447266,95.9800033569336,94.70500183105469,95.91999816894531,93.04498291015625,90257200
2020-07-13,97.26499938964844,99.95500183105469,95.25749969482422,95.47750091552734,92.61573791503906,191649200
2020-07-14,94.83999633789062,97.25499725341797,93.87750244140625,97.05750274658203,94.14836120605469,170989200
2020-07-15,98.98999786376953,99.24749755859375,96.48999786376953,97.7249984741211,94.79586029052734,153198000
2020-07-16,96.5625,97.40499877929688,95.90499877929688,96.52249908447266,93.62940979003906,110577600
2020-07-17,96.98750305175781,97.14749908447266,95.83999633789062,96.32749938964844,93.44026184082031,92186800
2020-07-20,96.4175033569336,98.5,96.0625,98.35749816894531,95.40940856933594,90318000
2020-07-21,99.17250061035156,99.25,96.74250030517578,97.0,94.09259033203125,103433200
2020-07-22,96.69249725341797,97.9749984741211,96.60250091552734,97.27249908447266,94.35694122314453,89001600
2020-07-23,96.99749755859375,97.07749938964844,92.01000213623047,92.84500122070312,90.06216430664062,197004400
2020-07-24,90.98750305175781,92.97000122070312,89.1449966430664,92.61499786376953,89.83903503417969,185438800
2020-07-27,93.70999908447266,94.90499877929688,93.4800033569336,94.80999755859375,91.96825408935547,121214000
2020-07-28,94.36750030517578,94.55000305175781,93.24749755859375,93.25250244140625,90.45740509033203,103625600
2020-07-29,93.75,95.2300033569336,93.7125015258789,95.04000091552734,92.19135284423828,90329200
2020-07-30,94.1875,96.29750061035156,93.76750183105469,96.19000244140625,93.30687713623047,158130000
2020-07-31,102.88500213623047,106.41500091552734,100.82499694824219,106.26000213623047,103.07505798339844,374336800
2020-08-03,108.19999694824219,111.63749694824219,107.89250183105469,108.9375,105.67228698730469,308151200
2020-08-04,109.13249969482422,110.79000091552734,108.38749694824219,109.66500091552734,106.37798309326172,173071600
2020-08-05,109.37750244140625,110.39250183105469,108.89749908447266,110.0625,106.7635726928711,121776800
2020-08-06,110.40499877929688,114.4124984741211,109.79750061035156,113.90249633789062,110.48847961425781,202428800
2020-08-07,113.20500183105469,113.67500305175781,110.2925033569336,111.11250305175781,107.9764404296875,198045600
2020-08-10,112.5999984741211,113.7750015258789,110.0,112.72750091552734,109.54584503173828,212403600
2020-08-11,111.97000122070312,112.48249816894531,109.10749816894531,109.375,106.2879638671875,187902400
2020-08-12,110.49749755859375,113.2750015258789,110.29750061035156,113.01000213623047,109.82037353515625,165598000
2020-08-13,114.43000030517578,116.0425033569336,113.92749786376953,115.01000213623047,111.763916015625,210082000
2020-08-14,114.83000183105469,115.0,113.04499816894531,114.90750122070312,111.6643295288086,165565200
2020-08-17,116.0625,116.0875015258789,113.9625015258789,114.60749816894531,111.3727798461914,119561600
2020-08-18,114.35250091552734,116.0,114.00749969482422,115.5625,112.30083465576172,105633600
2020-08-19,115.98249816894531,117.1624984741211,115.61000061035156,115.7074966430664,112.44174194335938,145538000
2020-08-20,115.75,118.39250183105469,115.73249816894531,118.2750015258789,114.93677520751953,126907200
2020-08-21,119.26249694824219,124.86750030517578,119.25,124.37000274658203,120.8597640991211,338054800
2020-08-24,128.69749450683594,128.78500366210938,123.9375,125.85749816894531,122.30526733398438,345937600
2020-08-25,124.69750213623047,125.18000030517578,123.05249786376953,124.82499694824219,121.30191802978516,211495600
2020-08-26,126.18000030517578,126.99250030517578,125.0824966430664,126.52249908447266,122.95149993896484,163022400
2020-08-27,127.14250183105469,127.48500061035156,123.8324966430664,125.01000213623047,121.48168182373047,155552400
2020-08-28,126.01249694824219,126.44249725341797,124.57749938964844,124.80750274658203,121.284912109375,187630000
2020-08-31,127.58000183105469,131.0,126.0,129.0399932861328,125.39793395996094,225702700
2020-09-01,132.75999450683594,134.8000030517578,130.52999877929688,134.17999267578125,130.3928680419922,151948100
2020-09-02,137.58999633789062,137.97999572753906,127.0,131.39999389648438,127.69132232666016,200119000
2020-09-03,126.91000366210938,128.83999633789062,120.5,120.87999725341797,117.46824645996094,257599600
2020-09-04,120.06999969482422,123.69999694824219,110.88999938964844,120.95999908447266,117.54598999023438,332607200
2020-09-08,113.94999694824219,118.98999786376953,112.68000030517578,112.81999969482422,109.6357421875,231366600
2020-09-09,117.26000213623047,119.13999938964844,115.26000213623047,117.31999969482422,114.00872802734375,176940500
2020-09-10,120.36000061035156,120.5,112.5,113.48999786376953,110.28682708740234,182274400
2020-09-11,114.56999969482422,115.2300033569336,110.0,112.0,108.83889770507812,180860300
2020-09-14,114.72000122070312,115.93000030517578,112.80000305175781,115.36000061035156,112.10405731201172,140150100
2020-09-15,118.33000183105469,118.83000183105469,113.61000061035156,115.54000091552734,112.27897644042969,184642000
2020-09-16,115.2300033569336,116.0,112.04000091552734,112.12999725341797,108.9652099609375,154679000
2020-09-17,109.72000122070312,112.19999694824219,108.70999908447266,110.33999633789062,107.22573852539062,178011000
2020-09-18,110.4000015258789,110.87999725341797,106.08999633789062,106.83999633789062,103.82451629638672,287104900
2020-09-21,104.54000091552734,110.19000244140625,103.0999984741211,110.08000183105469,106.97308349609375,195713800
2020-09-22,112.68000030517578,112.86000061035156,109.16000366210938,111.80999755859375,108.65425872802734,183055400
2020-09-23,111.62000274658203,112.11000061035156,106.7699966430664,107.12000274658203,104.09664154052734,150718700
2020-09-24,105.16999816894531,110.25,105.0,108.22000122070312,105.16557312011719,167743300
2020-09-25,108.43000030517578,112.44000244140625,107.66999816894531,112.27999877929688,109.1109619140625,149981400
2020-09-28,115.01000213623047,115.31999969482422,112.77999877929688,114.95999908447266,111.7153549194336,137672400
2020-09-29,114.55000305175781,115.30999755859375,113.56999969482422,114.08999633789062,110.86988830566406,99382200
2020-09-30,113.79000091552734,117.26000213623047,113.62000274658203,115.80999755859375,112.54136657714844,142675200
2020-10-01,117.63999938964844,117.72000122070312,115.83000183105469,116.79000091552734,113.49369812011719,116120400
2020-10-02,112.88999938964844,115.37000274658203,112.22000122070312,113.0199966430664,109.83008575439453,144712000
2020-10-05,113.91000366210938,116.6500015258789,113.55000305175781,116.5,113.21186828613281,106243800
2020-10-06,115.69999694824219,116.12000274658203,112.25,113.16000366210938,109.96614837646484,161498200
2020-10-07,114.62000274658203,115.55000305175781,114.12999725341797,115.08000183105469,111.83195495605469,96849000
2020-10-08,116.25,116.4000015258789,114.58999633789062,114.97000122070312,111.72505187988281,83477200
2020-10-09,115.27999877929688,117.0,114.91999816894531,116.97000122070312,113.66860961914062,100506900
2020-10-12,120.05999755859375,125.18000030517578,119.27999877929688,124.4000015258789,120.8888931274414,240226800
2020-10-13,125.2699966430664,125.38999938964844,119.6500015258789,121.0999984741211,117.68203735351562,262330500
2020-10-14,121.0,123.02999877929688,119.62000274658203,121.19000244140625,117.7695083618164,150712000
2020-10-15,118.72000122070312,121.19999694824219,118.1500015258789,120.70999908447266,117.30304718017578,112559200
2020-10-16,121.27999877929688,121.55000305175781,118.80999755859375,119.0199966430664,115.66075897216797,115393800
2020-10-19,119.95999908447266,120.41999816894531,115.66000366210938,115.9800033569336,112.7065658569336,120639300
2020-10-20,116.19999694824219,118.9800033569336,115.62999725341797,117.51000213623047,114.19336700439453,124423700
2020-10-21,116.66999816894531,118.70999908447266,116.44999694824219,116.87000274658203,113.57142639160156,89946000
2020-10-22,117.44999694824219,118.04000091552734,114.58999633789062,115.75,112.48304748535156,101988000
2020-10-23,116.38999938964844,116.55000305175781,114.27999877929688,115.04000091552734,111.79308319091797,82572600
2020-10-26,114.01000213623047,116.55000305175781,112.87999725341797,115.05000305175781,111.80279541015625,111850700
2020-10-27,115.48999786376953,117.27999877929688,114.54000091552734,116.5999984741211,113.30905151367188,92276800
2020-10-28,115.05000305175781,115.43000030517578,111.0999984741211,111.19999694824219,108.06147003173828,143937800
2020-10-29,112.37000274658203,116.93000030517578,112.19999694824219,115.31999969482422,112.06517791748047,146129200
2020-10-30,111.05999755859375,111.98999786376953,107.72000122070312,108.86000061035156,105.78750610351562,190272600
2020-11-02,109.11000061035156,110.68000030517578,107.31999969482422,108.7699966430664,105.70005798339844,122866900
2020-11-03,109.66000366210938,111.48999786376953,108.7300033569336,110.44000244140625,107.32293701171875,107624400
2020-11-04,114.13999938964844,115.58999633789062,112.3499984741211,114.94999694824219,111.70563507080078,138235500
2020-11-05,117.94999694824219,119.62000274658203,116.87000274658203,119.02999877929688,115.67047119140625,126387100
2020-11-06,118.31999969482422,119.19999694824219,116.12999725341797,118.69000244140625,115.53904724121094,114457900
2020-11-09,120.5,121.98999786376953,116.05000305175781,116.31999969482422,113.23196411132812,154515300
2020-11-10,115.55000305175781,117.58999633789062,114.12999725341797,115.97000122070312,112.89126586914062,138023400
2020-11-11,117.19000244140625,119.62999725341797,116.44000244140625,119.48999786376953,116.31781768798828,112295000
2020-11-12,119.62000274658203,120.52999877929688,118.56999969482422,119.20999908447266,116.04525756835938,103162300
2020-11-13,119.44000244140625,119.66999816894531,117.87000274658203,119.26000213623047,116.09393310546875,81581900
2020-11-16,118.91999816894531,120.98999786376953,118.1500015258789,120.30000305175781,117.1063232421875,91183000
2020-11-17,119.55000305175781,120.66999816894531,118.95999908447266,119.38999938964844,116.220458984375,74271000
2020-11-18,118.61000061035156,119.81999969482422,118.0,118.02999877929688,114.8965835571289,76322100
2020-11-19,117.58999633789062,119.05999755859375,116.80999755859375,118.63999938964844,115.4903793334961,74113000
2020-11-20,118.63999938964844,118.7699966430664,117.29000091552734,117.33999633789062,114.22489166259766,73604300
2020-11-23,117.18000030517578,117.62000274658203,113.75,113.8499984741211,110.82756042480469,127959300
2020-11-24,113.91000366210938,115.8499984741211,112.58999633789062,115.16999816894531,112.11249542236328,113874200
2020-11-25,115.55000305175781,116.75,115.16999816894531,116.02999877929688,112.94967651367188,76499200
2020-11-27,116.56999969482422,117.48999786376953,116.22000122070312,116.58999633789062,113.49481201171875,46691300
2020-11-30,116.97000122070312,120.97000122070312,116.80999755859375,119.05000305175781,115.8895034790039,169410200
2020-12-01,121.01000213623047,123.47000122070312,120.01000213623047,122.72000122070312,119.46207427978516,127728200
2020-12-02,122.0199966430664,123.37000274658203,120.88999938964844,123.08000183105469,119.8125228881836,89004200
2020-12-03,123.5199966430664,123.77999877929688,122.20999908447266,122.94000244140625,119.67620849609375,78967600
2020-12-04,122.5999984741211,122.86000061035156,121.5199966430664,122.25,119.00454711914062,78260400
2020-12-07,122.30999755859375,124.56999969482422,122.25,123.75,120.46470642089844,86712000
2020-12-08,124.37000274658203,124.9800033569336,123.08999633789062,124.37999725341797,121.07801055908203,82225500
2020-12-09,124.52999877929688,125.94999694824219,121.0,121.77999877929688,118.54701232910156,115089200
2020-12-10,120.5,123.87000274658203,120.1500015258789,123.23999786376953,119.96825408935547,81312200
2020-12-11,122.43000030517578,122.76000213623047,120.55000305175781,122.41000366210938,119.16029357910156,86939800
2020-12-14,122.5999984741211,123.3499984741211,121.54000091552734,121.77999877929688,118.54701232910156,79184500
2020-12-15,124.33999633789062,127.9000015258789,124.12999725341797,127.87999725341797,124.48506927490234,157243700
2020-12-16,127.41000366210938,128.3699951171875,126.55999755859375,127.80999755859375,124.41693878173828,98208600
2020-12-17,128.89999389648438,129.5800018310547,128.0399932861328,128.6999969482422,125.28333282470703,94359800
2020-12-18,128.9600067138672,129.10000610351562,126.12000274658203,126.66000366210938,123.29747772216797,192541500
2020-12-21,125.0199966430664,128.30999755859375,123.44999694824219,128.22999572753906,124.82577514648438,121251600
2020-12-22,131.61000061035156,134.41000366210938,129.64999389648438,131.8800048828125,128.37887573242188,168904800
2020-12-23,132.16000366210938,132.42999267578125,130.77999877929688,130.9600067138672,127.48329162597656,88223700
2020-12-24,131.32000732421875,133.4600067138672,131.10000610351562,131.97000122070312,128.46652221679688,54930100
2020-12-28,133.99000549316406,137.33999633789062,133.50999450683594,136.69000244140625,133.06118774414062,124486200
2020-12-29,138.0500030517578,138.7899932861328,134.33999633789062,134.8699951171875,131.28952026367188,121047300
2020-12-30,135.5800018310547,135.99000549316406,133.39999389648438,133.72000122070312,130.17005920410156,96452100
2020-12-31,134.0800018310547,134.74000549316406,131.72000122070312,132.69000244140625,129.16738891601562,99116600
2021-01-04,133.52000427246094,133.61000061035156,126.76000213623047,129.41000366210938,125.97447967529297,143301900
2021-01-05,128.88999938964844,131.74000549316406,128.42999267578125,131.00999450683594,127.53199005126953,97664900
2021-01-06,127.72000122070312,131.0500030517578,126.37999725341797,126.5999984741211,123.23905944824219,155088000
2021-01-07,128.36000061035156,131.6300048828125,127.86000061035156,130.9199981689453,127.44436645507812,109578200
2021-01-08,132.42999267578125,132.6300048828125,130.22999572753906,132.0500030517578,128.5443878173828,105158200
2021-01-11,129.19000244140625,130.1699981689453,128.5,128.97999572753906,125.55584716796875,100384500
2021-01-12,128.5,129.69000244140625,126.86000061035156,128.8000030517578,125.38066101074219,91951100
2021-01-13,128.75999450683594,131.4499969482422,128.49000549316406,130.88999938964844,127.41515350341797,88636800
2021-01-14,130.8000030517578,131.0,128.75999450683594,128.91000366210938,125.48773956298828,90221800
2021-01-15,128.77999877929688,130.22000122070312,127.0,127.13999938964844,123.76472473144531,111598500
2021-01-19,127.77999877929688,128.7100067138672,126.94000244140625,127.83000183105469,124.4364013671875,90757300
2021-01-20,128.66000366210938,132.49000549316406,128.5500030517578,132.02999877929688,128.52488708496094,104319500
2021-01-21,133.8000030517578,139.6699981689453,133.58999633789062,136.8699951171875,133.23641967773438,120150900
2021-01-22,136.27999877929688,139.85000610351562,135.02000427246094,139.07000732421875,135.37802124023438,114459400
2021-01-25,143.07000732421875,145.08999633789062,136.5399932861328,142.9199981689453,139.12576293945312,157611700
2021-01-26,143.60000610351562,144.3000030517578,141.3699951171875,143.16000366210938,139.35943603515625,98390600
2021-01-27,143.42999267578125,144.3000030517578,140.41000366210938,142.05999755859375,138.2886199951172,140843800
2021-01-28,139.52000427246094,141.99000549316406,136.6999969482422,137.08999633789062,133.45059204101562,142621100
2021-01-29,135.8300018310547,136.74000549316406,130.2100067138672,131.9600067138672,128.4567413330078,177523800
2021-02-01,133.75,135.3800048828125,130.92999267578125,134.13999938964844,130.57887268066406,106239800
2021-02-02,135.72999572753906,136.30999755859375,134.61000061035156,134.99000549316406,131.40634155273438,83305400
2021-02-03,135.75999450683594,135.77000427246094,133.61000061035156,133.94000244140625,130.38418579101562,89880900
2021-02-04,136.3000030517578,137.39999389648438,134.58999633789062,137.38999938964844,133.74264526367188,84183100
2021-02-05,137.35000610351562,137.4199981689453,135.86000061035156,136.75999450683594,133.32827758789062,75693800
2021-02-08,136.02999877929688,136.9600067138672,134.9199981689453,136.91000366210938,133.4745330810547,71297200
2021-02-09,136.6199951171875,137.8800048828125,135.85000610351562,136.00999450683594,132.5970458984375,76774200
2021-02-10,136.47999572753906,136.99000549316406,134.39999389648438,135.38999938964844,131.99266052246094,73046600
2021-02-11,135.89999389648438,136.38999938964844,133.77000427246094,135.1300048828125,131.7392120361328,64280000
2021-02-12,134.35000610351562,135.52999877929688,133.69000244140625,135.3699951171875,131.97314453125,60145100
2021-02-16,135.49000549316406,136.00999450683594,132.7899932861328,133.19000244140625,129.84779357910156,80576300
2021-02-17,131.25,132.22000122070312,129.47000122070312,130.83999633789062,127.55683898925781,97918500
2021-02-18,129.1999969482422,130.0,127.41000366210938,129.7100067138672,126.4552001953125,96856700
2021-02-19,130.24000549316406,130.7100067138672,128.8000030517578,129.8699951171875,126.61115264892578,87668800
2021-02-22,128.00999450683594,129.72000122070312,125.5999984741211,126.0,122.83827209472656,103916400
2021-02-23,123.76000213623047,126.70999908447266,118.38999938964844,125.86000061035156,122.70178985595703,158273000
2021-02-24,124.94000244140625,125.55999755859375,122.2300033569336,125.3499984741211,122.20458221435547,111039900
2021-02-25,124.68000030517578,126.45999908447266,120.54000091552734,120.98999786376953,117.9540023803711,148199500
2021-02-26,122.58999633789062,124.8499984741211,121.19999694824219,121.26000213623047,118.21722412109375,164560400
2021-03-01,123.75,127.93000030517578,122.79000091552734,127.79000091552734,124.5833511352539,116307900
2021-03-02,128.41000366210938,128.72000122070312,125.01000213623047,125.12000274658203,121.98036193847656,102260900
2021-03-03,124.80999755859375,125.70999908447266,121.83999633789062,122.05999755859375,118.99713134765625,112966300
2021-03-04,121.75,123.5999984741211,118.62000274658203,120.12999725341797,117.11555480957031,178155000
2021-03-05,120.9800033569336,121.94000244140625,117.56999969482422,121.41999816894531,118.37320709228516,153766600
2021-03-08,120.93000030517578,121.0,116.20999908447266,116.36000061035156,113.440185546875,154376600
2021-03-09,119.02999877929688,122.05999755859375,118.79000091552734,121.08999633789062,118.05147552490234,129525800
2021-03-10,121.69000244140625,122.16999816894531,119.44999694824219,119.9800033569336,116.96934509277344,111943300
2021-03-11,122.54000091552734,123.20999908447266,121.26000213623047,121.95999908447266,118.8996353149414,103026500
2021-03-12,120.4000015258789,121.16999816894531,119.16000366210938,121.02999877929688,117.99298095703125,88105100
2021-03-15,121.41000366210938,124.0,120.41999816894531,123.98999786376953,120.87870788574219,92403800
2021-03-16,125.69999694824219,127.22000122070312,124.72000122070312,125.56999969482422,122.41905975341797,115227900
2021-03-17,124.05000305175781,125.86000061035156,122.33999633789062,124.76000213623047,121.62938690185547,111932600
2021-03-18,122.87999725341797,123.18000030517578,120.31999969482422,120.52999877929688,117.50553131103516,121229700
2021-03-19,119.9000015258789,121.43000030517578,119.68000030517578,119.98999786376953,116.97908020019531,185549500
2021-03-22,120.33000183105469,123.87000274658203,120.26000213623047,123.38999938964844,120.29376983642578,111912300
2021-03-23,123.33000183105469,124.23999786376953,122.13999938964844,122.54000091552734,119.46509552001953,95467100
2021-03-24,122.81999969482422,122.9000015258789,120.06999969482422,120.08999633789062,117.0765609741211,88530500
2021-03-25,119.54000091552734,121.66000366210938,119.0,120.58999633789062,117.56402587890625,98844700
2021-03-26,120.3499984741211,121.4800033569336,118.91999816894531,121.20999908447266,118.16846466064453,94071200
2021-03-29,121.6500015258789,122.58000183105469,120.7300033569336,121.38999938964844,118.34394836425781,80819200
2021-03-30,120.11000061035156,120.4000015258789,118.86000061035156,119.9000015258789,116.89134216308594,85671900
2021-03-31,121.6500015258789,123.5199966430664,121.1500015258789,122.1500015258789,119.08487701416016,118323800
2021-04-01,123.66000366210938,124.18000030517578,122.48999786376953,123.0,119.91355895996094,75089100
2021-04-05,123.87000274658203,126.16000366210938,123.06999969482422,125.9000015258789,122.74079132080078,88651200
2021-04-06,126.5,127.12999725341797,125.6500015258789,126.20999908447266,123.04299926757812,80171300
2021-04-07,125.83000183105469,127.91999816894531,125.13999938964844,127.9000015258789,124.69059753417969,83466700
2021-04-08,128.9499969482422,130.38999938964844,128.52000427246094,130.36000061035156,127.08883666992188,88844600
2021-04-09,129.8000030517578,133.0399932861328,129.47000122070312,133.0,129.66259765625,106686700
2021-04-12,132.52000427246094,132.85000610351562,130.6300048828125,131.24000549316406,127.94682312011719,91420000
2021-04-13,132.44000244140625,134.66000366210938,131.92999267578125,134.42999267578125,131.05674743652344,91266500
2021-04-14,134.94000244140625,135.0,131.66000366210938,132.02999877929688,128.7169647216797,87222800
2021-04-15,133.82000732421875,135.0,133.63999938964844,134.5,131.1249542236328,89347100
2021-04-16,134.3000030517578,134.6699981689453,133.27999877929688,134.16000366210938,130.79348754882812,84922400
2021-04-19,133.50999450683594,135.47000122070312,133.33999633789062,134.83999633789062,131.45643615722656,94264200
2021-04-20,135.02000427246094,135.52999877929688,131.80999755859375,133.11000061035156,129.76983642578125,94812300
2021-04-21,132.36000061035156,133.75,131.3000030517578,133.5,130.1501007080078,68847100
2021-04-22,133.0399932861328,134.14999389648438,131.41000366210938,131.94000244140625,128.62921142578125,84566500
2021-04-23,132.16000366210938,135.1199951171875,132.16000366210938,134.32000732421875,130.9495086669922,78657500
2021-04-26,134.8300018310547,135.05999755859375,133.55999755859375,134.72000122070312,131.33944702148438,66905100
2021-04-27,135.00999450683594,135.41000366210938,134.11000061035156,134.38999938964844,131.01776123046875,66015800
2021-04-28,134.30999755859375,135.02000427246094,133.0800018310547,133.5800018310547,130.22804260253906,107760100
2021-04-29,136.47000122070312,137.07000732421875,132.4499969482422,133.47999572753906,130.13055419921875,151101000
2021-04-30,131.77999877929688,133.55999755859375,131.07000732421875,131.4600067138672,128.1612548828125,109839500
2021-05-03,132.0399932861328,134.07000732421875,131.8300018310547,132.5399932861328,129.21414184570312,75135100
2021-05-04,131.19000244140625,131.49000549316406,126.69999694824219,127.8499984741211,124.64185333251953,137564700
2021-05-05,129.1999969482422,130.4499969482422,127.97000122070312,128.10000610351562,124.8855972290039,84000900
2021-05-06,127.88999938964844,129.75,127.12999725341797,129.74000549316406,126.48442077636719,78128300
2021-05-07,130.85000610351562,131.25999450683594,129.47999572753906,130.2100067138672,127.15829467773438,78973300
2021-05-10,129.41000366210938,129.5399932861328,126.80999755859375,126.8499984741211,123.87699127197266,88071200
2021-05-11,123.5,126.2699966430664,122.7699966430664,125.91000366210938,122.95903015136719,126142800
2021-05-12,123.4000015258789,124.63999938964844,122.25,122.7699966430664,119.89264678955078,112172300
2021-05-13,124.58000183105469,126.1500015258789,124.26000213623047,124.97000122070312,122.04106903076172,105861300
2021-05-14,126.25,127.88999938964844,125.8499984741211,127.44999694824219,124.46294403076172,81918000
2021-05-17,126.81999969482422,126.93000030517578,125.16999816894531,126.2699966430664,123.31059265136719,74244600
2021-05-18,126.55999755859375,126.98999786376953,124.77999877929688,124.8499984741211,121.92388153076172,63342900
2021-05-19,123.16000366210938,124.91999816894531,122.86000061035156,124.69000244140625,121.76762390136719,92612000
2021-05-20,125.2300033569336,127.72000122070312,125.0999984741211,127.30999755859375,124.32620239257812,76857100
2021-05-21,127.81999969482422,128.0,125.20999908447266,125.43000030517578,122.49028015136719,79295400
2021-05-24,126.01000213623047,127.94000244140625,125.94000244140625,127.0999984741211,124.12114715576172,63092900
2021-05-25,127.81999969482422,128.32000732421875,126.31999969482422,126.9000015258789,123.92581939697266,72009500
2021-05-26,126.95999908447266,127.38999938964844,126.41999816894531,126.8499984741211,123.87699127197266,56575900
2021-05-27,126.44000244140625,127.63999938964844,125.08000183105469,125.27999877929688,122.34378814697266,94625600
2021-05-28,125.56999969482422,125.80000305175781,124.55000305175781,124.61000061035156,121.68949127197266,71311100
2021-06-01,125.08000183105469,125.3499984741211,123.94000244140625,124.27999877929688,121.36724090576172,67637100
2021-06-02,124.27999877929688,125.23999786376953,124.05000305175781,125.05999755859375,122.12895202636719,59278900
2021-06-03,124.68000030517578,124.8499984741211,123.12999725341797,123.54000091552734,120.64457702636719,76229200
2021-06-04,124.06999969482422,126.16000366210938,123.8499984741211,125.88999938964844,122.93949890136719,75169300
2021-06-07,126.16999816894531,126.31999969482422,124.83000183105469,125.9000015258789,122.94927215576172,71057600
2021-06-08,126.5999984741211,128.4600067138672,126.20999908447266,126.73999786376953,123.76956939697266,74403800
2021-06-09,127.20999908447266,127.75,126.5199966430664,127.12999725341797,124.15042877197266,56877900
2021-06-10,127.0199966430664,128.19000244140625,125.94000244140625,126.11000061035156,123.15434265136719,71186400
2021-06-11,126.52999877929688,127.44000244140625,126.0999984741211,127.3499984741211,124.36528778076172,53522400
2021-06-14,127.81999969482422,130.5399932861328,127.06999969482422,130.47999572753906,127.42191314697266,96906500
2021-06-15,129.94000244140625,130.60000610351562,129.38999938964844,129.63999938964844,126.60160064697266,62746300
2021-06-16,130.3699951171875,130.88999938964844,128.4600067138672,130.14999389648438,127.09963989257812,91815000
2021-06-17,129.8000030517578,132.5500030517578,129.64999389648438,131.7899932861328,128.70120239257812,96721700
2021-06-18,130.7100067138672,131.50999450683594,130.24000549316406,130.4600067138672,127.40242004394531,108953300
2021-06-21,130.3000030517578,132.41000366210938,129.2100067138672,132.3000030517578,129.19927978515625,79663300
2021-06-22,132.1300048828125,134.0800018310547,131.6199951171875,133.97999572753906,130.83990478515625,74783600
2021-06-23,133.77000427246094,134.32000732421875,133.22999572753906,133.6999969482422,130.56646728515625,60214200
2021-06-24,134.4499969482422,134.63999938964844,132.92999267578125,133.41000366210938,130.28326416015625,68711000
2021-06-25,133.4600067138672,133.88999938964844,132.80999755859375,133.11000061035156,129.99026489257812,70783700
2021-06-28,133.41000366210938,135.25,133.35000610351562,134.77999877929688,131.62115478515625,62111300
2021-06-29,134.8000030517578,136.49000549316406,134.35000610351562,136.3300018310547,133.13485717773438,64556100
2021-06-30,136.1699981689453,137.41000366210938,135.8699951171875,136.9600067138672,133.75006103515625,63261400
2021-07-01,136.60000610351562,137.3300018310547,135.75999450683594,137.27000427246094,134.0528106689453,52485800
2021-07-02,137.89999389648438,140.0,137.75,139.9600067138672,136.67971801757812,78852600
2021-07-06,140.07000732421875,143.14999389648438,140.07000732421875,142.02000427246094,138.69149780273438,108181800
2021-07-07,143.5399932861328,144.88999938964844,142.66000366210938,144.57000732421875,141.1817169189453,104911600
2021-07-08,141.5800018310547,144.05999755859375,140.6699981689453,143.24000549316406,139.88287353515625,105575500
2021-07-09,142.75,145.64999389648438,142.64999389648438,145.11000061035156,141.7090606689453,99890800
2021-07-12,146.2100067138672,146.32000732421875,144.0,144.5,141.11334228515625,76299700
2021-07-13,144.02999877929688,147.4600067138672,143.6300048828125,145.63999938964844,142.22662353515625,100827100
2021-07-14,148.10000610351562,149.57000732421875,147.67999267578125,149.14999389648438,145.6543731689453,127050800
2021-07-15,149.24000549316406,150.0,147.08999633789062,148.47999572753906,145.00006103515625,106820300
2021-07-16,148.4600067138672,149.75999450683594,145.8800048828125,146.38999938964844,142.95904541015625,93251400
2021-07-19,143.75,144.07000732421875,141.6699981689453,142.4499969482422,139.11138916015625,121434600
2021-07-20,143.4600067138672,147.10000610351562,142.9600067138672,146.14999389648438,142.7246551513672,96350000
2021-07-21,145.52999877929688,146.1300048828125,144.6300048828125,145.39999389648438,141.99224853515625,74993500
2021-07-22,145.94000244140625,148.1999969482422,145.80999755859375,146.8000030517578,143.35948181152344,77338200
2021-07-23,147.5500030517578,148.72000122070312,146.9199981689453,148.55999755859375,145.07818603515625,71447400
2021-07-26,148.27000427246094,149.8300018310547,147.6999969482422,148.99000549316406,145.4981231689453,72434100
2021-07-27,149.1199951171875,149.2100067138672,145.5500030517578,146.77000427246094,143.3301239013672,104818600
2021-07-28,144.80999755859375,146.97000122070312,142.5399932861328,144.97999572753906,141.58209228515625,118931200
2021-07-29,144.69000244140625,146.5500030517578,144.5800018310547,145.63999938964844,142.22662353515625,56699500
2021-07-30,144.3800048828125,146.3300018310547,144.11000061035156,145.86000061035156,142.4414520263672,70440600
2021-08-02,146.36000061035156,146.9499969482422,145.25,145.52000427246094,142.1094207763672,62880000
2021-08-03,145.80999755859375,148.0399932861328,145.17999267578125,147.36000061035156,143.90631103515625,64786600
2021-08-04,147.27000427246094,147.7899932861328,146.27999877929688,146.9499969482422,143.50592041015625,56368300
2021-08-05,146.97999572753906,147.83999633789062,146.1699981689453,147.05999755859375,143.6133270263672,46397700
2021-08-06,146.35000610351562,147.11000061035156,145.6300048828125,146.13999938964844,142.9287109375,54126800
2021-08-09,146.1999969482422,146.6999969482422,145.52000427246094,146.08999633789062,142.87985229492188,48908700
2021-08-10,146.44000244140625,147.7100067138672,145.3000030517578,145.60000610351562,142.40057373046875,69023100
2021-08-11,146.0500030517578,146.72000122070312,145.52999877929688,145.86000061035156,142.6548614501953,48493500
2021-08-12,146.19000244140625,149.0500030517578,145.83999633789062,148.88999938964844,145.61827087402344,72282600
2021-08-13,148.97000122070312,149.44000244140625,148.27000427246094,149.10000610351562,145.82366943359375,59375000
2021-08-16,148.5399932861328,151.19000244140625,146.47000122070312,151.1199951171875,147.7992706298828,103296000
2021-08-17,150.22999572753906,151.67999267578125,149.08999633789062,150.19000244140625,146.8897247314453,92229700
2021-08-18,149.8000030517578,150.72000122070312,146.14999389648438,146.36000061035156,143.14390563964844,86326000
2021-08-19,145.02999877929688,148.0,144.5,146.6999969482422,143.47640991210938,86960300
2021-08-20,147.44000244140625,148.5,146.77999877929688,148.19000244140625,144.9336700439453,60549600
2021-08-23,148.30999755859375,150.19000244140625,147.88999938964844,149.7100067138672,146.42025756835938,60131800
2021-08-24,149.4499969482422,150.86000061035156,149.14999389648438,149.6199951171875,146.332275390625,48606400
2021-08-25,149.80999755859375,150.32000732421875,147.8000030517578,148.36000061035156,145.0999298095703,58991300
2021-08-26,148.35000610351562,149.1199951171875,147.50999450683594,147.5399932861328,144.29795837402344,48597200
2021-08-27,147.47999572753906,148.75,146.8300018310547,148.60000610351562,145.33462524414062,55802400
2021-08-30,149.0,153.49000549316406,148.61000061035156,153.1199951171875,149.75535583496094,90956700
2021-08-31,152.66000366210938,152.8000030517578,151.2899932861328,151.8300018310547,148.49368286132812,86453100
2021-09-01,152.8300018310547,154.97999572753906,152.33999633789062,152.50999450683594,149.15875244140625,80313700
2021-09-02,153.8699951171875,154.72000122070312,152.39999389648438,153.64999389648438,150.27366638183594,71115500
2021-09-03,153.75999450683594,154.6300048828125,153.08999633789062,154.3000030517578,150.90940856933594,57808700
2021-09-07,154.97000122070312,157.25999450683594,154.38999938964844,156.69000244140625,153.24688720703125,82278300
2021-09-08,156.97999572753906,157.0399932861328,153.97999572753906,155.11000061035156,151.7016143798828,74420200
2021-09-09,155.49000549316406,156.11000061035156,153.9499969482422,154.07000732421875,150.6844940185547,57305700
2021-09-10,155.0,155.47999572753906,148.6999969482422,148.97000122070312,145.69654846191406,140893200
2021-09-13,150.6300048828125,151.4199981689453,148.75,149.5500030517578,146.26382446289062,102404300
2021-09-14,150.35000610351562,151.07000732421875,146.91000366210938,148.1199951171875,144.86520385742188,109296300
2021-09-15,148.55999755859375,149.44000244140625,146.3699951171875,149.02999877929688,145.75523376464844,83281300
2021-09-16,148.44000244140625,148.97000122070312,147.22000122070312,148.7899932861328,145.5205078125,68034100
2021-09-17,148.82000732421875,148.82000732421875,145.75999450683594,146.05999755859375,142.85047912597656,129868800
2021-09-20,143.8000030517578,144.83999633789062,141.27000427246094,142.94000244140625,139.7990264892578,123478900
2021-09-21,143.92999267578125,144.60000610351562,142.77999877929688,143.42999267578125,140.27825927734375,75834000
2021-09-22,144.4499969482422,146.42999267578125,143.6999969482422,145.85000610351562,142.6450958251953,76404300
2021-09-23,146.64999389648438,147.0800018310547,145.63999938964844,146.8300018310547,143.60357666015625,64838200
2021-09-24,145.66000366210938,147.47000122070312,145.55999755859375,146.9199981689453,143.69155883789062,53477900
2021-09-27,145.47000122070312,145.9600067138672,143.82000732421875,145.3699951171875,142.17564392089844,74150700
2021-09-28,143.25,144.75,141.69000244140625,141.91000366210938,138.79165649414062,108972300
2021-09-29,142.47000122070312,144.4499969482422,142.02999877929688,142.8300018310547,139.69146728515625,74602000
2021-09-30,143.66000366210938,144.3800048828125,141.27999877929688,141.5,138.390625,89056700
2021-10-01,141.89999389648438,142.9199981689453,139.11000061035156,142.64999389648438,139.51541137695312,94639600
2021-10-04,141.75999450683594,142.2100067138672,138.27000427246094,139.13999938964844,136.08253479003906,98322000
2021-10-05,139.49000549316406,142.24000549316406,139.36000061035156,141.11000061035156,138.00926208496094,80861100
2021-10-06,139.47000122070312,142.14999389648438,138.3699951171875,142.0,138.8796844482422,83221100
2021-10-07,143.05999755859375,144.22000122070312,142.72000122070312,143.2899932861328,140.141357421875,61732700
2021-10-08,144.02999877929688,144.17999267578125,142.55999755859375,142.89999389648438,139.75994873046875,58773200
2021-10-11,142.27000427246094,144.80999755859375,141.80999755859375,142.80999755859375,139.67189025878906,64452200
2021-10-12,143.22999572753906,143.25,141.0399932861328,141.50999450683594,138.40048217773438,73035900
2021-10-13,141.24000549316406,141.39999389648438,139.1999969482422,140.91000366210938,137.81369018554688,78762700
2021-10-14,142.11000061035156,143.8800048828125,141.50999450683594,143.75999450683594,140.6010284423828,69907100
2021-10-15,143.77000427246094,144.89999389648438,143.50999450683594,144.83999633789062,141.6573028564453,67940300
2021-10-18,143.4499969482422,146.83999633789062,143.16000366210938,146.5500030517578,143.32969665527344,85589200
2021-10-19,147.00999450683594,149.1699981689453,146.5500030517578,148.75999450683594,145.49114990234375,76378900
2021-10-20,148.6999969482422,149.75,148.1199951171875,149.25999450683594,145.98016357421875,58418800
2021-10-21,148.80999755859375,149.63999938964844,147.8699951171875,149.47999572753906,146.1953125,61421000
2021-10-22,149.69000244140625,150.17999267578125,148.63999938964844,148.69000244140625,145.42271423339844,58883400
2021-10-25,148.67999267578125,149.3699951171875,147.6199951171875,148.63999938964844,145.373779296875,50720600
2021-10-26,149.3300018310547,150.83999633789062,149.00999450683594,149.32000732421875,146.038818359375,60893400
2021-10-27,149.36000061035156,149.72999572753906,148.49000549316406,148.85000610351562,145.5791778564453,56094900
2021-10-28,149.82000732421875,153.1699981689453,149.72000122070312,152.57000732421875,149.2174530029297,100077900
2021-10-29,147.22000122070312,149.94000244140625,146.41000366210938,149.8000030517578,146.50831604003906,124953200
2021-11-01,148.99000549316406,149.6999969482422,147.8000030517578,148.9600067138672,145.68678283691406,74588300
2021-11-02,148.66000366210938,151.57000732421875,148.64999389648438,150.02000427246094,146.72348022460938,69122000
2021-11-03,150.38999938964844,151.97000122070312,149.82000732421875,151.49000549316406,148.1611785888672,54511500
2021-11-04,151.5800018310547,152.42999267578125,150.63999938964844,150.9600067138672,147.6427764892578,60394600
2021-11-05,151.88999938964844,152.1999969482422,150.05999755859375,151.27999877929688,148.17169189453125,65463900
2021-11-08,151.41000366210938,151.57000732421875,150.16000366210938,150.44000244140625,147.34896850585938,55020900
2021-11-09,150.1999969482422,151.42999267578125,150.05999755859375,150.80999755859375,147.7113800048828,56787900
2021-11-10,150.02000427246094,150.1300048828125,147.85000610351562,147.9199981689453,144.88072204589844,65187100
2021-11-11,148.9600067138672,149.42999267578125,147.67999267578125,147.8699951171875,144.831787109375,41000000
2021-11-12,148.42999267578125,150.39999389648438,147.47999572753906,149.99000549316406,146.90823364257812,63804000
2021-11-15,150.3699951171875,151.8800048828125,149.42999267578125,150.0,146.91802978515625,59222800
2021-11-16,149.94000244140625,151.49000549316406,149.33999633789062,151.0,147.8974609375,59256200
2021-11-17,151.0,155.0,150.99000549316406,153.49000549316406,150.33631896972656,88807000
2021-11-18,153.7100067138672,158.6699981689453,153.0500030517578,157.8699951171875,154.6262969970703,137827700
2021-11-19,157.64999389648438,161.02000427246094,156.52999877929688,160.5500030517578,157.251220703125,117305600
2021-11-22,161.67999267578125,165.6999969482422,161.0,161.02000427246094,157.71157836914062,117467900
2021-11-23,161.1199951171875,161.8000030517578,159.05999755859375,161.41000366210938,158.0935821533203,96041900
2021-11-24,160.75,162.13999938964844,159.63999938964844,161.94000244140625,158.6127166748047,69463600
2021-11-26,159.57000732421875,160.4499969482422,156.36000061035156,156.80999755859375,153.58811950683594,76959800
2021-11-29,159.3699951171875,161.19000244140625,158.7899932861328,160.24000549316406,156.94761657714844,88748200
2021-11-30,159.99000549316406,165.52000427246094,159.9199981689453,165.3000030517578,161.90362548828125,174048100
2021-12-01,167.47999572753906,170.3000030517578,164.52999877929688,164.77000427246094,161.38455200195312,152052500
2021-12-02,158.74000549316406,164.1999969482422,157.8000030517578,163.75999450683594,160.395263671875,136739200
2021-12-03,164.02000427246094,164.9600067138672,159.72000122070312,161.83999633789062,158.51473999023438,118023100
2021-12-06,164.2899932861328,167.8800048828125,164.27999877929688,165.32000732421875,161.92330932617188,107497000
2021-12-07,169.0800018310547,171.5800018310547,168.33999633789062,171.17999267578125,167.66282653808594,120405400
2021-12-08,172.1300048828125,175.9600067138672,170.6999969482422,175.0800018310547,171.4827423095703,116998900
2021-12-09,174.91000366210938,176.75,173.9199981689453,174.55999755859375,170.973388671875,108923700
2021-12-10,175.2100067138672,179.6300048828125,174.69000244140625,179.4499969482422,175.762939453125,115402700
2021-12-13,181.1199951171875,182.1300048828125,175.52999877929688,175.74000549316406,172.12916564941406,153237000
2021-12-14,175.25,177.74000549316406,172.2100067138672,174.3300018310547,170.74810791015625,139380400
2021-12-15,175.11000061035156,179.5,172.30999755859375,179.3000030517578,175.6160125732422,131063300
2021-12-16,179.27999877929688,181.13999938964844,170.75,172.25999450683594,168.7206268310547,150185800
2021-12-17,169.92999267578125,173.47000122070312,169.69000244140625,171.13999938964844,167.62364196777344,195432700
2021-12-20,168.27999877929688,170.5800018310547,167.4600067138672,169.75,166.26222229003906,107499100
2021-12-21,171.55999755859375,173.1999969482422,169.1199951171875,172.99000549316406,169.43565368652344,91185900
2021-12-22,173.0399932861328,175.86000061035156,172.14999389648438,175.63999938964844,172.0312042236328,92135300
2021-12-23,175.85000610351562,176.85000610351562,175.27000427246094,176.27999877929688,172.6580352783203,68356600
2021-12-27,177.08999633789062,180.4199981689453,177.07000732421875,180.3300018310547,176.62484741210938,74919600
2021-12-28,180.16000366210938,181.3300018310547,178.52999877929688,179.2899932861328,175.60617065429688,79144300
2021-12-29,179.3300018310547,180.6300048828125,178.13999938964844,179.3800048828125,175.69436645507812,62348900
2021-12-30,179.47000122070312,180.57000732421875,178.08999633789062,178.1999969482422,174.53855895996094,59773000
2021-12-31,178.08999633789062,179.22999572753906,177.25999450683594,177.57000732421875,173.9215545654297,64062300
2022-01-03,177.8300018310547,182.8800048828125,177.7100067138672,182.00999450683594,178.2703094482422,104487900
2022-01-04,182.6300048828125,182.94000244140625,179.1199951171875,179.6999969482422,176.00778198242188,99310400
2022-01-05,179.61000061035156,180.1699981689453,174.63999938964844,174.9199981689453,171.3260040283203,94537600
2022-01-06,172.6999969482422,175.3000030517578,171.63999938964844,172.0,168.4659881591797,96904000
2022-01-07,172.88999938964844,174.13999938964844,171.02999877929688,172.1699981689453,168.63250732421875,86709100
2022-01-10,169.0800018310547,172.5,168.1699981689453,172.19000244140625,168.65206909179688,106765600
2022-01-11,172.32000732421875,175.17999267578125,170.82000732421875,175.0800018310547,171.4827423095703,76138300
2022-01-12,176.1199951171875,177.17999267578125,174.82000732421875,175.52999877929688,171.92349243164062,74805200
2022-01-13,175.77999877929688,176.6199951171875,171.7899932861328,172.19000244140625,168.65206909179688,84505800
2022-01-14,171.33999633789062,173.77999877929688,171.08999633789062,173.07000732421875,169.51400756835938,80440800
2022-01-18,171.50999450683594,172.5399932861328,169.41000366210938,169.8000030517578,166.31121826171875,90956700
2022-01-19,170.0,171.0800018310547,165.94000244140625,166.22999572753906,162.8145294189453,94815000
2022-01-20,166.97999572753906,169.67999267578125,164.17999267578125,164.50999450683594,161.12989807128906,91420500
2022-01-21,164.4199981689453,166.3300018310547,162.3000030517578,162.41000366210938,159.07301330566406,122848900
2022-01-24,160.02000427246094,162.3000030517578,154.6999969482422,161.6199951171875,158.29925537109375,162294600
2022-01-25,158.97999572753906,162.75999450683594,157.02000427246094,159.77999877929688,156.49705505371094,115798400
2022-01-26,163.5,164.38999938964844,157.82000732421875,159.69000244140625,156.40892028808594,108275300
2022-01-27,162.4499969482422,163.83999633789062,158.27999877929688,159.22000122070312,155.94859313964844,121954600
2022-01-28,165.7100067138672,170.35000610351562,162.8000030517578,170.3300018310547,166.830322265625,179935700
2022-01-31,170.16000366210938,175.0,169.50999450683594,174.77999877929688,171.18887329101562,115541600
2022-02-01,174.00999450683594,174.83999633789062,172.30999755859375,174.61000061035156,171.02236938476562,86213900
2022-02-02,174.75,175.8800048828125,173.3300018310547,175.83999633789062,172.22711181640625,84914300
2022-02-03,174.47999572753906,176.24000549316406,172.1199951171875,172.89999389648438,169.3474884033203,89418100
2022-02-04,171.67999267578125,174.10000610351562,170.67999267578125,172.38999938964844,169.06309509277344,82465400
2022-02-07,172.86000061035156,173.9499969482422,170.9499969482422,171.66000366210938,168.34722900390625,77251200
2022-02-08,171.72999572753906,175.35000610351562,171.42999267578125,174.8300018310547,171.4560089111328,74829200
2022-02-09,176.0500030517578,176.64999389648438,174.89999389648438,176.27999877929688,172.87802124023438,71285000
2022-02-10,174.13999938964844,175.47999572753906,171.5500030517578,172.1199951171875,168.79830932617188,90865900
2022-02-11,172.3300018310547,173.0800018310547,168.0399932861328,168.63999938964844,165.3854522705078,98670700
2022-02-14,167.3699951171875,169.5800018310547,166.55999755859375,168.8800048828125,165.62086486816406,86185500
2022-02-15,170.97000122070312,172.9499969482422,170.25,172.7899932861328,169.45538330078125,62527400
2022-02-16,171.85000610351562,173.33999633789062,170.0500030517578,172.5500030517578,169.22003173828125,61177400
2022-02-17,171.02999877929688,171.91000366210938,168.47000122070312,168.8800048828125,165.62086486816406,69589300
2022-02-18,169.82000732421875,170.5399932861328,166.19000244140625,167.3000030517578,164.0713348388672,82772700
2022-02-22,164.97999572753906,166.69000244140625,162.14999389648438,164.32000732421875,161.14883422851562,91162800
2022-02-23,165.5399932861328,166.14999389648438,159.75,160.07000732421875,156.98086547851562,90009200
2022-02-24,152.5800018310547,162.85000610351562,152.0,162.74000549316406,159.59934997558594,141147500
2022-02-25,163.83999633789062,165.1199951171875,160.8699951171875,164.85000610351562,161.6686553955078,91974200
2022-02-28,163.05999755859375,165.4199981689453,162.42999267578125,165.1199951171875,161.9334259033203,95056600
2022-03-01,164.6999969482422,166.60000610351562,161.97000122070312,163.1999969482422,160.05044555664062,83474400
2022-03-02,164.38999938964844,167.36000061035156,162.9499969482422,166.55999755859375,163.34561157226562,79724800
2022-03-03,168.47000122070312,168.91000366210938,165.5500030517578,166.22999572753906,163.02197265625,76678400
2022-03-04,164.49000549316406,165.5500030517578,162.10000610351562,163.1699981689453,160.02105712890625,83737200
2022-03-07,163.36000061035156,165.02000427246094,159.0399932861328,159.3000030517578,156.22573852539062,96418800
2022-03-08,158.82000732421875,162.8800048828125,155.8000030517578,157.44000244140625,154.40159606933594,131148300
2022-03-09,161.47999572753906,163.41000366210938,159.41000366210938,162.9499969482422,159.80528259277344,91454900
2022-03-10,160.1999969482422,160.38999938964844,155.97999572753906,158.52000427246094,155.46078491210938,105342000
2022-03-11,158.92999267578125,159.27999877929688,154.5,154.72999572753906,151.74391174316406,96970100
2022-03-14,151.4499969482422,154.1199951171875,150.10000610351562,150.6199951171875,147.71324157714844,108732100
2022-03-15,150.89999389648438,155.57000732421875,150.3800048828125,155.08999633789062,152.09695434570312,92964300
2022-03-16,157.0500030517578,160.0,154.4600067138672,159.58999633789062,156.51011657714844,102300200
2022-03-17,158.61000061035156,161.0,157.6300048828125,160.6199951171875,157.52023315429688,75615400
2022-03-18,160.50999450683594,164.47999572753906,159.75999450683594,163.97999572753906,160.8153839111328,123511700
2022-03-21,163.50999450683594,166.35000610351562,163.00999450683594,165.3800048828125,162.1884002685547,95811400
2022-03-22,165.50999450683594,169.4199981689453,164.91000366210938,168.82000732421875,165.56198120117188,81532000
2022-03-23,167.99000549316406,172.63999938964844,167.64999389648438,170.2100067138672,166.92518615722656,98062700
2022-03-24,171.05999755859375,174.13999938964844,170.2100067138672,174.07000732421875,170.710693359375,90131400
2022-03-25,173.8800048828125,175.27999877929688,172.75,174.72000122070312,171.34814453125,80546200
2022-03-28,172.1699981689453,175.72999572753906,172.0,175.60000610351562,172.21115112304688,90371900
2022-03-29,176.69000244140625,179.00999450683594,176.33999633789062,178.9600067138672,175.50628662109375,100589400
2022-03-30,178.5500030517578,179.61000061035156,176.6999969482422,177.77000427246094,174.33929443359375,92633200
2022-03-31,177.83999633789062,178.02999877929688,174.39999389648438,174.61000061035156,171.24024963378906,103049300
2022-04-01,174.02999877929688,174.8800048828125,171.94000244140625,174.30999755859375,170.94607543945312,78751300
2022-04-04,174.57000732421875,178.49000549316406,174.44000244140625,178.44000244140625,174.996337890625,76468400
2022-04-05,177.5,178.3000030517578,174.4199981689453,175.05999755859375,171.6815643310547,73401800
2022-04-06,172.36000061035156,173.6300048828125,170.1300048828125,171.8300018310547,168.513916015625,89058800
2022-04-07,171.16000366210938,173.36000061035156,169.85000610351562,172.13999938964844,168.8179473876953,77594700
2022-04-08,171.77999877929688,171.77999877929688,169.1999969482422,170.08999633789062,166.8074951171875,76575500
2022-04-11,168.7100067138672,169.02999877929688,165.5,165.75,162.55123901367188,72246700
2022-04-12,168.02000427246094,169.8699951171875,166.63999938964844,167.66000366210938,164.4243621826172,79265200
2022-04-13,167.38999938964844,171.0399932861328,166.77000427246094,170.39999389648438,167.1114959716797,70618900
2022-04-14,170.6199951171875,171.27000427246094,165.0399932861328,165.2899932861328,162.10009765625,75329400
2022-04-18,163.9199981689453,166.60000610351562,163.57000732421875,165.07000732421875,161.88436889648438,69023900
2022-04-19,165.02000427246094,167.82000732421875,163.91000366210938,167.39999389648438,164.16940307617188,67723800
2022-04-20,168.75999450683594,168.8800048828125,166.10000610351562,167.22999572753906,164.002685546875,67929800
2022-04-21,168.91000366210938,171.52999877929688,165.91000366210938,166.4199981689453,163.2082977294922,87227800
2022-04-22,166.4600067138672,167.8699951171875,161.5,161.7899932861328,158.6676788330078,84882400
2022-04-25,161.1199951171875,163.1699981689453,158.4600067138672,162.8800048828125,159.7366180419922,96046400
2022-04-26,162.25,162.33999633789062,156.72000122070312,156.8000030517578,153.77395629882812,95623200
2022-04-27,155.91000366210938,159.7899932861328,155.3800048828125,156.57000732421875,153.54844665527344,88063200
2022-04-28,159.25,164.52000427246094,158.92999267578125,163.63999938964844,160.4819793701172,130216800
2022-04-29,161.83999633789062,166.1999969482422,157.25,157.64999389648438,154.6075439453125,131747600
2022-05-02,156.7100067138672,158.22999572753906,153.27000427246094,157.9600067138672,154.91159057617188,123055300
2022-05-03,158.14999389648438,160.7100067138672,156.32000732421875,159.47999572753906,156.40223693847656,88966500
2022-05-04,159.6699981689453,166.47999572753906,159.25999450683594,166.02000427246094,162.8160400390625,108256500
2022-05-05,163.85000610351562,164.0800018310547,154.9499969482422,156.77000427246094,153.7445526123047,130525300
2022-05-06,156.00999450683594,159.44000244140625,154.17999267578125,157.27999877929688,154.4713592529297,116124600
2022-05-09,154.92999267578125,155.8300018310547,151.49000549316406,152.05999755859375,149.3445587158203,131577900
2022-05-10,155.52000427246094,156.74000549316406,152.92999267578125,154.50999450683594,151.75079345703125,115366700
2022-05-11,153.5,155.4499969482422,145.80999755859375,146.5,143.8838348388672,142689800
2022-05-12,142.77000427246094,146.1999969482422,138.8000030517578,142.55999755859375,140.01419067382812,182602000
2022-05-13,144.58999633789062,148.10000610351562,143.11000061035156,147.11000061035156,144.4829559326172,113990900
2022-05-16,145.5500030517578,147.52000427246094,144.17999267578125,145.5399932861328,142.9409637451172,86643800
2022-05-17,148.86000061035156,149.77000427246094,146.67999267578125,149.24000549316406,146.57492065429688,78336300
2022-05-18,146.85000610351562,147.36000061035156,139.89999389648438,140.82000732421875,138.30526733398438,109742900
2022-05-19,139.8800048828125,141.66000366210938,136.60000610351562,137.35000610351562,134.89723205566406,136095600
2022-05-20,139.08999633789062,140.6999969482422,132.61000061035156,137.58999633789062,135.1329345703125,137426100
2022-05-23,137.7899932861328,143.25999450683594,137.64999389648438,143.11000061035156,140.5543975830078,117726300
2022-05-24,140.80999755859375,141.97000122070312,137.3300018310547,140.36000061035156,137.85348510742188,104132700
2022-05-25,138.42999267578125,141.7899932861328,138.33999633789062,140.52000427246094,138.01063537597656,92482700
2022-05-26,137.38999938964844,144.33999633789062,137.13999938964844,143.77999877929688,141.21240234375,90601500
2022-05-27,145.38999938964844,149.67999267578125,145.25999450683594,149.63999938964844,146.96774291992188,90978500
2022-05-31,149.07000732421875,150.66000366210938,146.83999633789062,148.83999633789062,146.1820526123047,103718400
2022-06-01,149.89999389648438,151.74000549316406,147.67999267578125,148.7100067138672,146.0543670654297,74286600
2022-06-02,147.8300018310547,151.27000427246094,146.86000061035156,151.2100067138672,148.50973510742188,72348100
2022-06-03,146.89999389648438,147.97000122070312,144.4600067138672,145.3800048828125,142.7838592529297,88570300
2022-06-06,147.02999877929688,148.57000732421875,144.89999389648438,146.13999938964844,143.53025817871094,71598400
2022-06-07,144.35000610351562,149.0,144.10000610351562,148.7100067138672,146.0543670654297,67808200
2022-06-08,148.5800018310547,149.8699951171875,147.4600067138672,147.9600067138672,145.31777954101562,53950200
2022-06-09,147.0800018310547,147.9499969482422,142.52999877929688,142.63999938964844,140.09274291992188,69473000
2022-06-10,140.27999877929688,140.75999450683594,137.05999755859375,137.1300048828125,134.68121337890625,91437900
2022-06-13,132.8699951171875,135.1999969482422,131.44000244140625,131.8800048828125,129.52490234375,122207100
2022-06-14,133.1300048828125,133.88999938964844,131.47999572753906,132.75999450683594,130.38919067382812,84784300
2022-06-15,134.2899932861328,137.33999633789062,132.16000366210938,135.42999267578125,133.0115203857422,91533000
2022-06-16,132.0800018310547,132.38999938964844,129.0399932861328,130.05999755859375,127.73741149902344,108123900
2022-06-17,130.07000732421875,133.0800018310547,129.80999755859375,131.55999755859375,129.2106170654297,134520300
2022-06-21,133.4199981689453,137.05999755859375,133.32000732421875,135.8699951171875,133.44366455078125,81000500
2022-06-22,134.7899932861328,137.75999450683594,133.91000366210938,135.35000610351562,132.93295288085938,73409200
2022-06-23,136.82000732421875,138.58999633789062,135.6300048828125,138.27000427246094,135.8008270263672,72433800
2022-06-24,139.89999389648438,141.91000366210938,139.77000427246094,141.66000366210938,139.13027954101562,89116800
2022-06-27,142.6999969482422,143.49000549316406,140.97000122070312,141.66000366210938,139.13027954101562,70207900
2022-06-28,142.1300048828125,143.4199981689453,137.32000732421875,137.44000244140625,134.9856414794922,67083400
2022-06-29,137.4600067138672,140.6699981689453,136.6699981689453,139.22999572753906,136.74363708496094,66242400
2022-06-30,137.25,138.3699951171875,133.77000427246094,136.72000122070312,134.27850341796875,98964500
2022-07-01,136.0399932861328,139.0399932861328,135.66000366210938,138.92999267578125,136.44900512695312,71051600
2022-07-05,137.77000427246094,141.61000061035156,136.92999267578125,141.55999755859375,139.03204345703125,73353800
2022-07-06,141.35000610351562,144.1199951171875,141.0800018310547,142.9199981689453,140.36776733398438,74064300
2022-07-07,143.2899932861328,146.5500030517578,143.27999877929688,146.35000610351562,143.7365264892578,66253700
2022-07-08,145.25999450683594,147.5500030517578,145.0,147.0399932861328,144.4141845703125,64547800
2022-07-11,145.6699981689453,146.63999938964844,143.77999877929688,144.8699951171875,142.28292846679688,63141600
2022-07-12,145.75999450683594,148.4499969482422,145.0500030517578,145.86000061035156,143.25527954101562,77588800
2022-07-13,142.99000549316406,146.4499969482422,142.1199951171875,145.49000549316406,142.89187622070312,71185600
2022-07-14,144.0800018310547,148.9499969482422,143.25,148.47000122070312,145.81861877441406,78140700
2022-07-15,149.77999877929688,150.86000061035156,148.1999969482422,150.1699981689453,147.48829650878906,76259900
2022-07-18,150.74000549316406,151.57000732421875,146.6999969482422,147.07000732421875,144.44363403320312,81420900
2022-07-19,147.9199981689453,151.22999572753906,146.91000366210938,151.0,148.30349731445312,82982400
2022-07-20,151.1199951171875,153.72000122070312,150.3699951171875,153.0399932861328,150.30702209472656,64823400
2022-07-21,154.5,155.57000732421875,151.94000244140625,155.35000610351562,152.57579040527344,65086600
2022-07-22,155.38999938964844,156.27999877929688,153.41000366210938,154.08999633789062,151.3383026123047,66675400
2022-07-25,154.00999450683594,155.0399932861328,152.27999877929688,152.9499969482422,150.21864318847656,53623900
2022-07-26,152.25999450683594,153.08999633789062,150.8000030517578,151.60000610351562,148.89273071289062,55138700
2022-07-27,152.5800018310547,157.3300018310547,152.16000366210938,156.7899932861328,153.99008178710938,78620700
2022-07-28,156.97999572753906,157.63999938964844,154.41000366210938,157.35000610351562,154.5400848388672,81378700
2022-07-29,161.24000549316406,163.6300048828125,159.5,162.50999450683594,159.6079559326172,101786900
2022-08-01,161.00999450683594,163.58999633789062,160.88999938964844,161.50999450683594,158.6258087158203,67829400
2022-08-02,160.10000610351562,162.41000366210938,159.6300048828125,160.00999450683594,157.15257263183594,59907000
2022-08-03,160.83999633789062,166.58999633789062,160.75,166.1300048828125,163.1632843017578,82507500
2022-08-04,166.00999450683594,167.19000244140625,164.42999267578125,165.80999755859375,162.84898376464844,55474100
2022-08-05,163.2100067138672,165.85000610351562,163.0,165.35000610351562,162.62283325195312,56697000
2022-08-08,166.3699951171875,167.80999755859375,164.1999969482422,164.8699951171875,162.15072631835938,60276900
2022-08-09,164.02000427246094,165.82000732421875,163.25,164.9199981689453,162.19989013671875,63135500
2022-08-10,167.67999267578125,169.33999633789062,166.89999389648438,169.24000549316406,166.44863891601562,70170500
2022-08-11,170.05999755859375,170.99000549316406,168.19000244140625,168.49000549316406,165.71099853515625,57149200
2022-08-12,169.82000732421875,172.1699981689453,169.39999389648438,172.10000610351562,169.261474609375,68039400
2022-08-15,171.52000427246094,173.38999938964844,171.35000610351562,173.19000244140625,170.3334503173828,54091700
2022-08-16,172.77999877929688,173.7100067138672,171.66000366210938,173.02999877929688,170.17613220214844,56377100
2022-08-17,172.77000427246094,176.14999389648438,172.57000732421875,174.5500030517578,171.6710205078125,79542000
2022-08-18,173.75,174.89999389648438,173.1199951171875,174.14999389648438,171.27764892578125,62290100
2022-08-19,173.02999877929688,173.74000549316406,171.30999755859375,171.52000427246094,168.69107055664062,70346300
2022-08-22,169.69000244140625,169.86000061035156,167.13999938964844,167.57000732421875,164.80618286132812,69026800
2022-08-23,167.0800018310547,168.7100067138672,166.64999389648438,167.22999572753906,164.47177124023438,54147100
2022-08-24,167.32000732421875,168.11000061035156,166.25,167.52999877929688,164.766845703125,53841500
2022-08-25,168.77999877929688,170.13999938964844,168.35000610351562,170.02999877929688,167.2255859375,51218200
2022-08-26,170.57000732421875,171.0500030517578,163.55999755859375,163.6199951171875,160.9213409423828,78961000
2022-08-29,161.14999389648438,162.89999389648438,159.82000732421875,161.3800048828125,158.71827697753906,73314000
2022-08-30,162.1300048828125,162.55999755859375,157.72000122070312,158.91000366210938,156.2889862060547,77906200
2022-08-31,160.30999755859375,160.5800018310547,157.13999938964844,157.22000122070312,154.62689208984375,87991100
2022-09-01,156.63999938964844,158.4199981689453,154.6699981689453,157.9600067138672,155.35470581054688,74229900
2022-09-02,159.75,160.36000061035156,154.97000122070312,155.80999755859375,153.24014282226562,76957800
2022-09-06,156.47000122070312,157.08999633789062,153.69000244140625,154.52999877929688,151.9812469482422,73714800
2022-09-07,154.82000732421875,156.6699981689453,153.61000061035156,155.9600067138672,153.38768005371094,87449600
2022-09-08,154.63999938964844,156.36000061035156,152.67999267578125,154.4600067138672,151.91241455078125,84923800
2022-09-09,155.47000122070312,157.82000732421875,154.75,157.3699951171875,154.77438354492188,68028800
2022-09-12,159.58999633789062,164.25999450683594,159.3000030517578,163.42999267578125,160.73443603515625,104956000
2022-09-13,159.89999389648438,160.5399932861328,153.3699951171875,153.83999633789062,151.30262756347656,122656600
2022-09-14,154.7899932861328,157.10000610351562,153.61000061035156,155.30999755859375,152.74838256835938,87965400
2022-09-15,154.64999389648438,155.24000549316406,151.3800048828125,152.3699951171875,149.85687255859375,90481100
2022-09-16,151.2100067138672,151.35000610351562,148.3699951171875,150.6999969482422,148.21441650390625,162278800
2022-09-19,149.30999755859375,154.55999755859375,149.10000610351562,154.47999572753906,151.93206787109375,81474200
2022-09-20,153.39999389648438,158.0800018310547,153.0800018310547,156.89999389648438,154.31214904785156,107689800
2022-09-21,157.33999633789062,158.74000549316406,153.60000610351562,153.72000122070312,151.18458557128906,101696800
2022-09-22,152.3800048828125,154.47000122070312,150.91000366210938,152.74000549316406,150.22079467773438,86652500
2022-09-23,151.19000244140625,151.47000122070312,148.55999755859375,150.42999267578125,147.94886779785156,96029900
2022-09-26,149.66000366210938,153.77000427246094,149.63999938964844,150.77000427246094,148.2832489013672,93339400
2022-09-27,152.74000549316406,154.72000122070312,149.9499969482422,151.75999450683594,149.25694274902344,84442700
2022-09-28,147.63999938964844,150.63999938964844,144.83999633789062,149.83999633789062,147.3686065673828,146691400
2022-09-29,146.10000610351562,146.72000122070312,140.67999267578125,142.47999572753906,140.12998962402344,128138200
2022-09-30,141.27999877929688,143.10000610351562,138.0,138.1999969482422,135.9206085205078,124925300
2022-10-03,138.2100067138672,143.07000732421875,137.69000244140625,142.4499969482422,140.10049438476562,114311700
2022-10-04,145.02999877929688,146.22000122070312,144.25999450683594,146.10000610351562,143.6902618408203,87830100
2022-10-05,144.07000732421875,147.3800048828125,143.00999450683594,146.39999389648438,143.98533630371094,79471000
2022-10-06,145.80999755859375,147.5399932861328,145.22000122070312,145.42999267578125,143.03134155273438,68402200
2022-10-07,142.5399932861328,143.10000610351562,139.4499969482422,140.08999633789062,137.77943420410156,85925600
2022-10-10,140.4199981689453,141.88999938964844,138.57000732421875,140.4199981689453,138.10394287109375,74899000
2022-10-11,139.89999389648438,141.35000610351562,138.22000122070312,138.97999572753906,136.68775939941406,77033700
2022-10-12,139.1300048828125,140.36000061035156,138.16000366210938,138.33999633789062,136.0583038330078,70433700
2022-10-13,134.99000549316406,143.58999633789062,134.3699951171875,142.99000549316406,140.63157653808594,113224000
2022-10-14,144.30999755859375,144.52000427246094,138.19000244140625,138.3800048828125,136.0976104736328,88598000
2022-10-17,141.07000732421875,142.89999389648438,140.27000427246094,142.41000366210938,140.06118774414062,85250900
2022-10-18,145.49000549316406,146.6999969482422,140.61000061035156,143.75,141.37904357910156,99136600
2022-10-19,141.69000244140625,144.9499969482422,141.5,143.86000061035156,141.48724365234375,61758300
2022-10-20,143.02000427246094,145.88999938964844,142.64999389648438,143.38999938964844,141.02500915527344,64522000
2022-10-21,142.8699951171875,147.85000610351562,142.64999389648438,147.27000427246094,144.8409881591797,86548600
2022-10-24,147.19000244140625,150.22999572753906,146.0,149.4499969482422,146.9850311279297,75981900
2022-10-25,150.08999633789062,152.49000549316406,149.36000061035156,152.33999633789062,149.827392578125,74732300
2022-10-26,150.9600067138672,151.99000549316406,148.0399932861328,149.35000610351562,146.8866729736328,88194300
2022-10-27,148.07000732421875,149.0500030517578,144.1300048828125,144.8000030517578,142.4117431640625,109180200
2022-10-28,148.1999969482422,157.5,147.82000732421875,155.74000549316406,153.17132568359375,164762400
2022-10-31,153.16000366210938,154.24000549316406,151.9199981689453,153.33999633789062,150.81085205078125,97943200
2022-11-01,155.0800018310547,155.4499969482422,149.1300048828125,150.64999389648438,148.16526794433594,80379300
2022-11-02,148.9499969482422,152.1699981689453,145.0,145.02999877929688,142.63792419433594,93604600
2022-11-03,142.05999755859375,142.8000030517578,138.75,138.8800048828125,136.5894012451172,97918500
2022-11-04,142.08999633789062,142.6699981689453,134.3800048828125,138.3800048828125,136.32339477539062,140814800
2022-11-07,137.11000061035156,139.14999389648438,135.6699981689453,138.9199981689453,136.85537719726562,83374600
2022-11-08,140.41000366210938,141.42999267578125,137.49000549316406,139.5,137.42674255371094,89908500
2022-11-09,138.5,138.5500030517578,134.58999633789062,134.8699951171875,132.8655548095703,74917800
2022-11-10,141.24000549316406,146.8699951171875,139.5,146.8699951171875,144.6872100830078,118854000
2022-11-11,145.82000732421875,150.00999450683594,144.3699951171875,149.6999969482422,147.47515869140625,93979700
2022-11-14,148.97000122070312,150.27999877929688,147.42999267578125,148.27999877929688,146.07626342773438,73374100
2022-11-15,152.22000122070312,153.58999633789062,148.55999755859375,150.0399932861328,147.81007385253906,89868300
2022-11-16,149.1300048828125,149.8699951171875,147.2899932861328,148.7899932861328,146.5786895751953,64218300
2022-11-17,146.42999267578125,151.47999572753906,146.14999389648438,150.72000122070312,148.47999572753906,80389400
2022-11-18,152.30999755859375,152.6999969482422,149.97000122070312,151.2899932861328,149.04150390625,74829600
2022-11-21,150.16000366210938,150.3699951171875,147.72000122070312,148.00999450683594,145.81027221679688,58724100
2022-11-22,148.1300048828125,150.4199981689453,146.92999267578125,150.17999267578125,147.94801330566406,51804100
2022-11-23,149.4499969482422,151.8300018310547,149.33999633789062,151.07000732421875,148.82479858398438,58301400
2022-11-25,148.30999755859375,148.8800048828125,147.1199951171875,148.11000061035156,145.90882873535156,35195900
2022-11-28,145.13999938964844,146.63999938964844,143.3800048828125,144.22000122070312,142.0766143798828,69246000
2022-11-29,144.2899932861328,144.80999755859375,140.35000610351562,141.1699981689453,139.07191467285156,83763800
2022-11-30,141.39999389648438,148.72000122070312,140.5500030517578,148.02999877929688,145.82997131347656,111380900
2022-12-01,148.2100067138672,149.1300048828125,146.61000061035156,148.30999755859375,146.10581970214844,71250400
2022-12-02,145.9600067138672,148.0,145.64999389648438,147.80999755859375,145.61325073242188,65447400
2022-12-05,147.77000427246094,150.9199981689453,145.77000427246094,146.6300048828125,144.45079040527344,68826400
2022-12-06,147.07000732421875,147.3000030517578,141.9199981689453,142.91000366210938,140.7860565185547,64727200
2022-12-07,142.19000244140625,143.3699951171875,140.0,140.94000244140625,138.84535217285156,69721100
2022-12-08,142.36000061035156,143.52000427246094,141.10000610351562,142.64999389648438,140.5299530029297,62128300
2022-12-09,142.33999633789062,145.57000732421875,140.89999389648438,142.16000366210938,140.04725646972656,76097000
2022-12-12,142.6999969482422,144.5,141.05999755859375,144.49000549316406,142.3425750732422,70462700
2022-12-13,149.5,149.97000122070312,144.24000549316406,145.47000122070312,143.3080291748047,93886200
2022-12-14,145.35000610351562,146.66000366210938,141.16000366210938,143.2100067138672,141.0816192626953,82291200
2022-12-15,141.11000061035156,141.8000030517578,136.02999877929688,136.5,134.47132873535156,98931900
2022-12-16,136.69000244140625,137.64999389648438,133.72999572753906,134.50999450683594,132.51089477539062,160156900
2022-12-19,135.11000061035156,135.1999969482422,131.32000732421875,132.3699951171875,130.4027099609375,79592600
2022-12-20,131.38999938964844,133.25,129.88999938964844,132.3000030517578,130.33377075195312,77432800
2022-12-21,132.97999572753906,136.80999755859375,132.75,135.4499969482422,133.4369354248047,85928000
2022-12-22,134.35000610351562,134.55999755859375,130.3000030517578,132.22999572753906,130.26480102539062,77852100
2022-12-23,130.9199981689453,132.4199981689453,129.63999938964844,131.86000061035156,129.90028381347656,63814900
2022-12-27,131.3800048828125,131.41000366210938,128.72000122070312,130.02999877929688,128.0974884033203,69007800
2022-12-28,129.6699981689453,131.02999877929688,125.87000274658203,126.04000091552734,124.16678619384766,85438400
2022-12-29,127.98999786376953,130.47999572753906,127.7300033569336,129.61000061035156,127.6837158203125,75703700
2022-12-30,128.41000366210938,129.9499969482422,127.43000030517578,129.92999267578125,127.99897766113281,77034200
2023-01-03,130.27999877929688,130.89999389648438,124.16999816894531,125.06999969482422,123.21119689941406,112117500
2023-01-04,126.88999938964844,128.66000366210938,125.08000183105469,126.36000061035156,124.48204040527344,89113600
2023-01-05,127.12999725341797,127.7699966430664,124.76000213623047,125.0199966430664,123.16194152832031,80962700
2023-01-06,126.01000213623047,130.2899932861328,124.88999938964844,129.6199951171875,127.6935806274414,87754700
2023-01-09,130.47000122070312,133.41000366210938,129.88999938964844,130.14999389648438,128.2156982421875,70790800
2023-01-10,130.25999450683594,131.25999450683594,128.1199951171875,130.72999572753906,128.78709411621094,63896200
2023-01-11,131.25,133.50999450683594,130.4600067138672,133.49000549316406,131.50607299804688,69458900
2023-01-12,133.8800048828125,134.25999450683594,131.44000244140625,133.41000366210938,131.42726135253906,71379600
2023-01-13,132.02999877929688,134.9199981689453,131.66000366210938,134.75999450683594,132.75717163085938,57809700
2023-01-17,134.8300018310547,137.2899932861328,134.1300048828125,135.94000244140625,133.919677734375,63646600
2023-01-18,136.82000732421875,138.61000061035156,135.02999877929688,135.2100067138672,133.2005157470703,69672800
2023-01-19,134.0800018310547,136.25,133.77000427246094,135.27000427246094,133.25962829589844,58280400
2023-01-20,135.27999877929688,138.02000427246094,134.22000122070312,137.8699951171875,135.82098388671875,80223600
2023-01-23,138.1199951171875,143.32000732421875,137.89999389648438,141.11000061035156,139.01280212402344,81760300
2023-01-24,140.30999755859375,143.16000366210938,140.3000030517578,142.52999877929688,140.4116973876953,66435100
2023-01-25,140.88999938964844,142.42999267578125,138.80999755859375,141.86000061035156,139.75164794921875,65799300
2023-01-26,143.1699981689453,144.25,141.89999389648438,143.9600067138672,141.82046508789062,54105100
2023-01-27,143.16000366210938,147.22999572753906,143.0800018310547,145.92999267578125,143.7611846923828,70555800
2023-01-30,144.9600067138672,145.5500030517578,142.85000610351562,143.0,140.87474060058594,64015300
2023-01-31,142.6999969482422,144.33999633789062,142.27999877929688,144.2899932861328,142.14556884765625,65874500
2023-02-01,143.97000122070312,146.61000061035156,141.32000732421875,145.42999267578125,143.2686309814453,77663600
2023-02-02,148.89999389648438,151.17999267578125,148.1699981689453,150.82000732421875,148.57850646972656,118339000
2023-02-03,148.02999877929688,157.3800048828125,147.8300018310547,154.5,152.20382690429688,154357300
2023-02-06,152.57000732421875,153.10000610351562,150.77999877929688,151.72999572753906,149.4749755859375,69858300
2023-02-07,150.63999938964844,155.22999572753906,150.63999938964844,154.64999389648438,152.3515625,83322600
2023-02-08,153.8800048828125,154.5800018310547,151.1699981689453,151.9199981689453,149.66217041015625,64120100
2023-02-09,153.77999877929688,154.3300018310547,150.4199981689453,150.8699951171875,148.6277313232422,56007100
2023-02-10,149.4600067138672,151.33999633789062,149.22000122070312,151.00999450683594,148.99282836914062,57450700
2023-02-13,150.9499969482422,154.25999450683594,150.9199981689453,153.85000610351562,151.79489135742188,62199000
2023-02-14,152.1199951171875,153.77000427246094,150.86000061035156,153.1999969482422,151.153564453125,61707600
2023-02-15,153.11000061035156,155.5,152.8800048828125,155.3300018310547,153.255126953125,65573800
2023-02-16,153.50999450683594,156.3300018310547,153.35000610351562,153.7100067138672,151.65673828125,68167900
2023-02-17,152.35000610351562,153.0,150.85000610351562,152.5500030517578,150.51226806640625,59144100
2023-02-21,150.1999969482422,151.3000030517578,148.41000366210938,148.47999572753906,146.49659729003906,58867200
2023-02-22,148.8699951171875,149.9499969482422,147.16000366210938,148.91000366210938,146.92088317871094,51011300
2023-02-23,150.08999633789062,150.33999633789062,147.24000549316406,149.39999389648438,147.4043426513672,48394200
2023-02-24,147.11000061035156,147.19000244140625,145.72000122070312,146.7100067138672,144.75027465820312,55469600
2023-02-27,147.7100067138672,149.1699981689453,147.4499969482422,147.9199981689453,145.94406127929688,44998500
2023-02-28,147.0500030517578,149.0800018310547,146.8300018310547,147.41000366210938,145.44093322753906,50547000
2023-03-01,146.8300018310547,147.22999572753906,145.00999450683594,145.30999755859375,143.36895751953125,55479000
2023-03-02,144.3800048828125,146.7100067138672,143.89999389648438,145.91000366210938,143.96095275878906,52238100
2023-03-03,148.0399932861328,151.11000061035156,147.3300018310547,151.02999877929688,149.01254272460938,70732300
2023-03-06,153.7899932861328,156.3000030517578,153.4600067138672,153.8300018310547,151.77516174316406,87558000
2023-03-07,153.6999969482422,154.02999877929688,151.1300048828125,151.60000610351562,149.57493591308594,56182000
2023-03-08,152.80999755859375,153.47000122070312,151.8300018310547,152.8699951171875,150.82798767089844,47204800
2023-03-09,153.55999755859375,154.5399932861328,150.22999572753906,150.58999633789062,148.5784454345703,53833600
2023-03-10,150.2100067138672,150.94000244140625,147.61000061035156,148.5,146.51634216308594,68572400
2023-03-13,147.80999755859375,153.13999938964844,147.6999969482422,150.47000122070312,148.4600372314453,84457100
2023-03-14,151.27999877929688,153.39999389648438,150.10000610351562,152.58999633789062,150.55172729492188,73695900
2023-03-15,151.19000244140625,153.25,149.9199981689453,152.99000549316406,150.94638061523438,77167900
2023-03-16,152.16000366210938,156.4600067138672,151.63999938964844,155.85000610351562,153.7681884765625,76161100
2023-03-17,156.0800018310547,156.74000549316406,154.27999877929688,155.0,152.92953491210938,98944600
2023-03-20,155.07000732421875,157.82000732421875,154.14999389648438,157.39999389648438,155.29745483398438,73641400
2023-03-21,157.32000732421875,159.39999389648438,156.5399932861328,159.27999877929688,157.15235900878906,73938300
2023-03-22,159.3000030517578,162.13999938964844,157.80999755859375,157.8300018310547,155.72171020507812,75701800
2023-03-23,158.8300018310547,161.5500030517578,157.67999267578125,158.92999267578125,156.80702209472656,67622100
2023-03-24,158.86000061035156,160.33999633789062,157.85000610351562,160.25,158.1094207763672,59196500
2023-03-27,159.94000244140625,160.77000427246094,157.8699951171875,158.27999877929688,156.16571044921875,52390300
2023-03-28,157.97000122070312,158.49000549316406,155.97999572753906,157.64999389648438,155.54412841796875,45992200
2023-03-29,159.3699951171875,161.0500030517578,159.35000610351562,160.77000427246094,158.62245178222656,51305700
2023-03-30,161.52999877929688,162.47000122070312,161.27000427246094,162.36000061035156,160.19122314453125,49501700
2023-03-31,162.44000244140625,165.0,161.91000366210938,164.89999389648438,162.69728088378906,68749800
2023-04-03,164.27000427246094,166.2899932861328,164.22000122070312,166.1699981689453,163.9503173828125,56976200
2023-04-04,166.60000610351562,166.83999633789062,165.11000061035156,165.6300048828125,163.4175262451172,46278300
2023-04-05,164.74000549316406,165.0500030517578,161.8000030517578,163.75999450683594,161.57252502441406,51511700
2023-04-06,162.42999267578125,164.9600067138672,162.0,164.66000366210938,162.46051025390625,45390100
2023-04-10,161.4199981689453,162.02999877929688,160.0800018310547,162.02999877929688,159.86563110351562,47716900
2023-04-11,162.35000610351562,162.36000061035156,160.50999450683594,160.8000030517578,158.6520538330078,47644200
2023-04-12,161.22000122070312,162.05999755859375,159.77999877929688,160.10000610351562,157.96142578125,50133100
2023-04-13,161.6300048828125,165.8000030517578,161.4199981689453,165.55999755859375,163.3484649658203,68445600
2023-04-14,164.58999633789062,166.32000732421875,163.82000732421875,165.2100067138672,163.00315856933594,49386500
2023-04-17,165.08999633789062,165.38999938964844,164.02999877929688,165.22999572753906,163.0228729248047,41516200
2023-04-18,166.10000610351562,167.41000366210938,165.64999389648438,166.47000122070312,164.2462921142578,49923000
2023-04-19,165.8000030517578,168.16000366210938,165.5399932861328,167.6300048828125,165.39080810546875,47720200
2023-04-20,166.08999633789062,167.8699951171875,165.55999755859375,166.64999389648438,164.42388916015625,52456400
2023-04-21,165.0500030517578,166.4499969482422,164.49000549316406,165.02000427246094,162.815673828125,58337300
2023-04-24,165.0,165.60000610351562,163.88999938964844,165.3300018310547,163.1215362548828,41949600
2023-04-25,165.19000244140625,166.30999755859375,163.72999572753906,163.77000427246094,161.58236694335938,48714100
2023-04-26,163.05999755859375,165.27999877929688,162.8000030517578,163.75999450683594,161.57252502441406,45498800
2023-04-27,165.19000244140625,168.55999755859375,165.19000244140625,168.41000366210938,166.160400390625,64902300
2023-04-28,168.49000549316406,169.85000610351562,167.8800048828125,169.67999267578125,167.41342163085938,55275900
2023-05-01,169.27999877929688,170.4499969482422,168.63999938964844,169.58999633789062,167.32461547851562,52472900
2023-05-02,170.08999633789062,170.35000610351562,167.5399932861328,168.5399932861328,166.28868103027344,48425700
2023-05-03,169.5,170.9199981689453,167.16000366210938,167.4499969482422,165.2132110595703,65136000
2023-05-04,164.88999938964844,167.0399932861328,164.30999755859375,165.7899932861328,163.57537841796875,81235400
2023-05-05,170.97999572753906,174.3000030517578,170.75999450683594,173.57000732421875,171.25148010253906,113453200
2023-05-08,172.47999572753906,173.85000610351562,172.11000061035156,173.5,171.18240356445312,55962800
2023-05-09,173.0500030517578,173.5399932861328,171.60000610351562,171.77000427246094,169.4755096435547,45326900
2023-05-10,173.02000427246094,174.02999877929688,171.89999389648438,173.55999755859375,171.24159240722656,53724500
2023-05-11,173.85000610351562,174.58999633789062,172.1699981689453,173.75,171.4290771484375,49514700
2023-05-12,173.6199951171875,174.05999755859375,171.0,172.57000732421875,170.50035095214844,45533100
2023-05-15,173.16000366210938,173.2100067138672,171.47000122070312,172.07000732421875,170.00634765625,37266700
2023-05-16,171.99000549316406,173.13999938964844,171.8000030517578,172.07000732421875,170.00634765625,42110300
2023-05-17,171.7100067138672,172.92999267578125,170.4199981689453,172.69000244140625,170.61891174316406,57951600
2023-05-18,173.0,175.24000549316406,172.5800018310547,175.0500030517578,172.95059204101562,65496700
2023-05-19,176.38999938964844,176.38999938964844,174.94000244140625,175.16000366210938,173.05929565429688,55809500
2023-05-22,173.97999572753906,174.7100067138672,173.4499969482422,174.1999969482422,172.1107940673828,43570900
2023-05-23,173.1300048828125,173.3800048828125,171.27999877929688,171.55999755859375,169.50244140625,50747300
2023-05-24,171.08999633789062,172.4199981689453,170.52000427246094,171.83999633789062,169.7790985107422,45143500
2023-05-25,172.41000366210938,173.89999389648438,171.69000244140625,172.99000549316406,170.91531372070312,56058300
2023-05-26,173.32000732421875,175.77000427246094,173.11000061035156,175.42999267578125,173.32603454589844,54835000
2023-05-30,176.9600067138672,178.99000549316406,176.57000732421875,177.3000030517578,175.1736297607422,55964400
2023-05-31,177.3300018310547,179.35000610351562,176.75999450683594,177.25,175.1241912841797,99625300
2023-06-01,177.6999969482422,180.1199951171875,176.92999267578125,180.08999633789062,177.93016052246094,68901800
2023-06-02,181.02999877929688,181.77999877929688,179.25999450683594,180.9499969482422,178.7798309326172,61996900
2023-06-05,182.6300048828125,184.9499969482422,178.0399932861328,179.5800018310547,177.42623901367188,121946500
2023-06-06,179.97000122070312,180.1199951171875,177.42999267578125,179.2100067138672,177.06069946289062,64848400
2023-06-07,178.44000244140625,181.2100067138672,177.32000732421875,177.82000732421875,175.68736267089844,61944600
2023-06-08,177.89999389648438,180.83999633789062,177.4600067138672,180.57000732421875,178.40440368652344,50214900
2023-06-09,181.5,182.22999572753906,180.6300048828125,180.9600067138672,178.7897186279297,48900000
2023-06-12,181.27000427246094,183.88999938964844,180.97000122070312,183.7899932861328,181.58578491210938,54274900
2023-06-13,182.8000030517578,184.14999389648438,182.44000244140625,183.30999755859375,181.1115264892578,54929100
2023-06-14,183.3699951171875,184.38999938964844,182.02000427246094,183.9499969482422,181.74386596679688,57462900
2023-06-15,183.9600067138672,186.52000427246094,183.77999877929688,186.00999450683594,183.77915954589844,65433200
2023-06-16,186.72999572753906,186.99000549316406,184.27000427246094,184.9199981689453,182.7022247314453,101256200
2023-06-20,184.41000366210938,186.10000610351562,184.41000366210938,185.00999450683594,182.7911376953125,49799100
2023-06-21,184.89999389648438,185.41000366210938,182.58999633789062,183.9600067138672,181.75376892089844,49515700
2023-06-22,183.74000549316406,187.0500030517578,183.6699981689453,187.0,184.75726318359375,51245300
2023-06-23,185.5500030517578,187.55999755859375,185.00999450683594,186.67999267578125,184.44110107421875,53117000
2023-06-26,186.8300018310547,188.0500030517578,185.22999572753906,185.27000427246094,183.04803466796875,48088700
2023-06-27,185.88999938964844,188.38999938964844,185.6699981689453,188.05999755859375,185.80458068847656,50730800
2023-06-28,187.92999267578125,189.89999389648438,187.60000610351562,189.25,186.98028564453125,51216800
2023-06-29,189.0800018310547,190.07000732421875,188.94000244140625,189.58999633789062,187.31619262695312,46347300
2023-06-30,191.6300048828125,194.47999572753906,191.25999450683594,193.97000122070312,191.64370727539062,85213200
2023-07-03,193.77999877929688,193.8800048828125,191.75999450683594,192.4600067138672,190.15176391601562,31458200
2023-07-05,191.57000732421875,192.97999572753906,190.6199951171875,191.3300018310547,189.0353546142578,46920300
2023-07-06,189.83999633789062,192.02000427246094,189.1999969482422,191.80999755859375,189.5095977783203,45094300
2023-07-07,191.41000366210938,192.6699981689453,190.24000549316406,190.67999267578125,188.3931427001953,46815000
2023-07-10,189.25999450683594,189.99000549316406,187.0399932861328,188.61000061035156,186.34799194335938,59922200
2023-07-11,189.16000366210938,189.3000030517578,186.60000610351562,188.0800018310547,185.82432556152344,46638100
2023-07-12,189.67999267578125,191.6999969482422,188.47000122070312,189.77000427246094,187.4940643310547,60750200
2023-07-13,190.5,191.19000244140625,189.77999877929688,190.5399932861328,188.25482177734375,41342300
2023-07-14,190.22999572753906,191.17999267578125,189.6300048828125,190.69000244140625,188.4030303955078,41616200
2023-07-17,191.89999389648438,194.32000732421875,191.80999755859375,193.99000549316406,191.66343688964844,50520200
2023-07-18,193.35000610351562,194.3300018310547,192.4199981689453,193.72999572753906,191.40655517578125,48288200
2023-07-19,193.10000610351562,198.22999572753906,192.64999389648438,195.10000610351562,192.7601318359375,80507300
2023-07-20,195.08999633789062,196.47000122070312,192.5,193.1300048828125,190.81378173828125,59581200
2023-07-21,194.10000610351562,194.97000122070312,191.22999572753906,191.94000244140625,189.63803100585938,71951700
2023-07-24,193.41000366210938,194.91000366210938,192.25,192.75,190.43832397460938,45377800
2023-07-25,193.3300018310547,194.44000244140625,192.9199981689453,193.6199951171875,191.29791259765625,37283200
2023-07-26,193.6699981689453,195.63999938964844,193.32000732421875,194.5,192.16732788085938,47471900
2023-07-27,196.02000427246094,197.1999969482422,192.5500030517578,193.22000122070312,190.90269470214844,47460200
2023-07-28,194.6699981689453,196.6300048828125,194.13999938964844,195.8300018310547,193.48138427734375,48291400
2023-07-31,196.05999755859375,196.49000549316406,195.25999450683594,196.4499969482422,194.09393310546875,38824100
2023-08-01,196.24000549316406,196.72999572753906,195.27999877929688,195.61000061035156,193.26400756835938,35175100
2023-08-02,195.0399932861328,195.17999267578125,191.85000610351562,192.5800018310547,190.2703857421875,50389300
2023-08-03,191.57000732421875,192.3699951171875,190.69000244140625,191.1699981689453,188.8772735595703,61235200
2023-08-04,185.52000427246094,187.3800048828125,181.9199981689453,181.99000549316406,179.80735778808594,115956800
2023-08-07,182.1300048828125,183.1300048828125,177.35000610351562,178.85000610351562,176.7050323486328,97576100
2023-08-08,179.69000244140625,180.27000427246094,177.5800018310547,179.8000030517578,177.6436309814453,67823000
2023-08-09,180.8699951171875,180.92999267578125,177.00999450683594,178.19000244140625,176.05294799804688,60378500
2023-08-10,179.47999572753906,180.75,177.60000610351562,177.97000122070312,175.8355712890625,54686900
2023-08-11,177.32000732421875,178.6199951171875,176.5500030517578,177.7899932861328,175.89492797851562,52036700
2023-08-14,177.97000122070312,179.69000244140625,177.30999755859375,179.4600067138672,177.54713439941406,43675600
2023-08-15,178.8800048828125,179.47999572753906,177.0500030517578,177.4499969482422,175.55857849121094,43622600
2023-08-16,177.1300048828125,178.5399932861328,176.5,176.57000732421875,174.68795776367188,46964900
2023-08-17,177.13999938964844,177.50999450683594,173.47999572753906,174.0,172.1453399658203,66062900
2023-08-18,172.3000030517578,175.10000610351562,171.9600067138672,174.49000549316406,172.630126953125,61172200
2023-08-21,175.07000732421875,176.1300048828125,173.74000549316406,175.83999633789062,173.9657440185547,46311900
2023-08-22,177.05999755859375,177.67999267578125,176.25,177.22999572753906,175.3408966064453,42038900
2023-08-23,178.52000427246094,181.5500030517578,178.3300018310547,181.1199951171875,179.18946838378906,52722800
2023-08-24,180.6699981689453,181.10000610351562,176.00999450683594,176.3800048828125,174.49996948242188,54945800
2023-08-25,177.3800048828125,179.14999389648438,175.82000732421875,178.61000061035156,176.70619201660156,51449600
2023-08-28,180.08999633789062,180.58999633789062,178.5500030517578,180.19000244140625,178.2693634033203,43820700
2023-08-29,179.6999969482422,184.89999389648438,179.5,184.1199951171875,182.15745544433594,53003900
2023-08-30,184.94000244140625,187.85000610351562,184.74000549316406,187.64999389648438,185.6498565673828,60813900
2023-08-31,187.83999633789062,189.1199951171875,187.47999572753906,187.8699951171875,185.86749267578125,60794500
2023-09-01,189.49000549316406,189.9199981689453,188.27999877929688,189.4600067138672,187.44053649902344,45766500
2023-09-05,188.27999877929688,189.97999572753906,187.61000061035156,189.6999969482422,187.67796325683594,45280000
2023-09-06,188.39999389648438,188.85000610351562,181.47000122070312,182.91000366210938,180.96034240722656,81755800
2023-09-07,175.17999267578125,178.2100067138672,173.5399932861328,177.55999755859375,175.6674041748047,112488800
2023-09-08,178.35000610351562,180.24000549316406,177.7899932861328,178.17999267578125,176.28076171875,65551300
2023-09-11,180.07000732421875,180.3000030517578,177.33999633789062,179.36000061035156,177.44822692871094,58953100
2023-09-12,179.49000549316406,180.1300048828125,174.82000732421875,176.3000030517578,174.42083740234375,90370200
2023-09-13,176.50999450683594,177.3000030517578,173.97999572753906,174.2100067138672,172.35308837890625,84267900
2023-09-14,174.0,176.10000610351562,173.5800018310547,175.74000549316406,173.8667755126953,60895800
2023-09-15,176.47999572753906,176.5,173.82000732421875,175.00999450683594,173.14454650878906,109259500
2023-09-18,176.47999572753906,179.3800048828125,176.1699981689453,177.97000122070312,176.07301330566406,67257600
2023-09-19,177.52000427246094,179.6300048828125,177.1300048828125,179.07000732421875,177.16131591796875,51826900
2023-09-20,179.25999450683594,179.6999969482422,175.39999389648438,175.49000549316406,173.61947631835938,58436200
2023-09-21,174.5500030517578,176.3000030517578,173.86000061035156,173.92999267578125,172.0760498046875,63149100
2023-09-22,174.6699981689453,177.0800018310547,174.0500030517578,174.7899932861328,172.9269256591797,56725400
2023-09-25,174.1999969482422,176.97000122070312,174.14999389648438,176.0800018310547,174.20314025878906,46172700
2023-09-26,174.82000732421875,175.1999969482422,171.66000366210938,171.9600067138672,170.1270751953125,64588900
2023-09-27,172.6199951171875,173.0399932861328,169.0500030517578,170.42999267578125,168.61337280273438,66921800
2023-09-28,169.33999633789062,172.02999877929688,167.6199951171875,170.69000244140625,168.87062072753906,56294400
2023-09-29,172.02000427246094,173.07000732421875,170.33999633789062,171.2100067138672,169.38510131835938,51861100
2023-10-02,171.22000122070312,174.3000030517578,170.92999267578125,173.75,171.89797973632812,52164500
2023-10-03,172.25999450683594,173.6300048828125,170.82000732421875,172.39999389648438,170.5623779296875,49594600
2023-10-04,171.08999633789062,174.2100067138672,170.97000122070312,173.66000366210938,171.8089599609375,53020300
2023-10-05,173.7899932861328,175.4499969482422,172.67999267578125,174.91000366210938,173.04563903808594,48527900
2023-10-06,173.8000030517578,177.99000549316406,173.17999267578125,177.49000549316406,175.59814453125,57266700
2023-10-09,176.80999755859375,179.0500030517578,175.8000030517578,178.99000549316406,177.08213806152344,42390800
2023-10-10,178.10000610351562,179.72000122070312,177.9499969482422,178.38999938964844,176.48854064941406,43698000
2023-10-11,178.1999969482422,179.85000610351562,177.60000610351562,179.8000030517578,177.88351440429688,47551100
2023-10-12,180.07000732421875,182.33999633789062,179.0399932861328,180.7100067138672,178.7838134765625,56743100
2023-10-13,181.4199981689453,181.92999267578125,178.13999938964844,178.85000610351562,176.94361877441406,51427100
2023-10-16,176.75,179.0800018310547,176.50999450683594,178.72000122070312,176.81503295898438,52517000
2023-10-17,176.64999389648438,178.4199981689453,174.8000030517578,177.14999389648438,175.26174926757812,57549400
2023-10-18,175.5800018310547,177.5800018310547,175.11000061035156,175.83999633789062,173.9657440185547,54764400
2023-10-19,176.0399932861328,177.83999633789062,175.19000244140625,175.4600067138672,173.5897979736328,59302900
2023-10-20,175.30999755859375,175.4199981689453,172.63999938964844,172.8800048828125,171.03726196289062,64244000
2023-10-23,170.91000366210938,174.00999450683594,169.92999267578125,173.0,171.15599060058594,55980100
2023-10-24,173.0500030517578,173.6699981689453,171.4499969482422,173.44000244140625,171.59127807617188,43816600
2023-10-25,171.8800048828125,173.05999755859375,170.64999389648438,171.10000610351562,169.27626037597656,57157000
2023-10-26,170.3699951171875,171.3800048828125,165.6699981689453,166.88999938964844,165.1111297607422,70625300
2023-10-27,166.91000366210938,168.9600067138672,166.8300018310547,168.22000122070312,166.42694091796875,58499100
2023-10-30,169.02000427246094,171.1699981689453,168.8699951171875,170.2899932861328,168.47486877441406,51131000
2023-10-31,169.35000610351562,170.89999389648438,167.89999389648438,170.77000427246094,168.94976806640625,44846000
2023-11-01,171.0,174.22999572753906,170.1199951171875,173.97000122070312,172.11566162109375,56934900
2023-11-02,175.52000427246094,177.77999877929688,175.4600067138672,177.57000732421875,175.67727661132812,77334800
2023-11-03,174.24000549316406,176.82000732421875,173.35000610351562,176.64999389648438,174.76708984375,79829200
2023-11-06,176.3800048828125,179.42999267578125,176.2100067138672,179.22999572753906,177.31959533691406,63841300
2023-11-07,179.17999267578125,182.44000244140625,178.97000122070312,181.82000732421875,179.88198852539062,70530000
2023-11-08,182.35000610351562,183.4499969482422,181.58999633789062,182.88999938964844,180.94056701660156,49340300
2023-11-09,182.9600067138672,184.1199951171875,181.80999755859375,182.41000366210938,180.46568298339844,53763500
2023-11-10,183.97000122070312,186.57000732421875,183.52999877929688,186.39999389648438,184.6561279296875,66133400
2023-11-13,185.82000732421875,186.02999877929688,184.2100067138672,184.8000030517578,183.0710906982422,43627500
2023-11-14,187.6999969482422,188.11000061035156,186.3000030517578,187.44000244140625,185.68638610839844,60108400
2023-11-15,187.85000610351562,189.5,187.77999877929688,188.00999450683594,186.25103759765625,53790500
2023-11-16,189.57000732421875,190.9600067138672,188.64999389648438,189.7100067138672,187.9351348876953,54412900
2023-11-17,190.25,190.3800048828125,188.57000732421875,189.69000244140625,187.91534423828125,50922700
2023-11-20,189.88999938964844,191.91000366210938,189.8800048828125,191.4499969482422,189.6588592529297,46505100
2023-11-21,191.41000366210938,191.52000427246094,189.74000549316406,190.63999938964844,188.8564453125,38134500
2023-11-22,191.49000549316406,192.92999267578125,190.8300018310547,191.30999755859375,189.5201873779297,39617700
2023-11-24,190.8699951171875,190.89999389648438,189.25,189.97000122070312,188.19273376464844,24048300
2023-11-27,189.9199981689453,190.6699981689453,188.89999389648438,189.7899932861328,188.014404296875,40552600
2023-11-28,189.77999877929688,191.0800018310547,189.39999389648438,190.39999389648438,188.61868286132812,38415400
2023-11-29,190.89999389648438,192.08999633789062,188.97000122070312,189.3699951171875,187.59832763671875,43014200
2023-11-30,189.83999633789062,190.32000732421875,188.19000244140625,189.9499969482422,188.17288208007812,48794400
2023-12-01,190.3300018310547,191.55999755859375,189.22999572753906,191.24000549316406,189.45083618164062,45704800
2023-12-04,189.97999572753906,190.0500030517578,187.4499969482422,189.42999267578125,187.6577606201172,43389500
2023-12-05,190.2100067138672,194.39999389648438,190.17999267578125,193.4199981689453,191.6104278564453,66628400
2023-12-06,194.4499969482422,194.75999450683594,192.11000061035156,192.32000732421875,190.520751953125,41089700
2023-12-07,193.6300048828125,195.0,193.58999633789062,194.27000427246094,192.45248413085938,47477700
2023-12-08,194.1999969482422,195.99000549316406,193.6699981689453,195.7100067138672,193.8790283203125,53406400
2023-12-11,193.11000061035156,193.49000549316406,191.4199981689453,193.17999267578125,191.37269592285156,60943700
2023-12-12,193.0800018310547,194.72000122070312,191.72000122070312,194.7100067138672,192.8883819580078,52696900
2023-12-13,195.08999633789062,198.0,194.85000610351562,197.9600067138672,196.1079864501953,70404200
2023-12-14,198.02000427246094,199.6199951171875,196.16000366210938,198.11000061035156,196.25656127929688,66831600
2023-12-15,197.52999877929688,198.39999389648438,197.0,197.57000732421875,195.72161865234375,128538400
2023-12-18,196.08999633789062,196.6300048828125,194.38999938964844,195.88999938964844,194.05734252929688,55751900
2023-12-19,196.16000366210938,196.9499969482422,195.88999938964844,196.94000244140625,195.0975341796875,40714100
2023-12-20,196.89999389648438,197.67999267578125,194.8300018310547,194.8300018310547,193.0072479248047,52242800
2023-12-21,196.10000610351562,197.0800018310547,193.5,194.67999267578125,192.85865783691406,46482500
2023-12-22,195.17999267578125,195.41000366210938,192.97000122070312,193.60000610351562,191.78875732421875,37149600
2023-12-26,193.61000061035156,193.88999938964844,192.8300018310547,193.0500030517578,191.243896484375,28919300
2023-12-27,192.49000549316406,193.5,191.08999633789062,193.14999389648438,191.34295654296875,48087700
2023-12-28,194.13999938964844,194.66000366210938,193.1699981689453,193.5800018310547,191.7689666748047,34049900
2023-12-29,193.89999389648438,194.39999389648438,191.72999572753906,192.52999877929688,190.728759765625,42672100
